# Glorious Knife - combined star meshes

o GOLD
v -0.048796 -0.660637 -0.048796 1.000000 1.000000 1.000000
v -0.048796 -0.660637 0.048796 1.000000 1.000000 1.000000
v -0.069008 -0.660637 -0.000000 1.000000 1.000000 1.000000
v 0.048796 -0.660637 -0.048796 1.000000 1.000000 1.000000
v -0.000000 -0.660637 -0.069008 1.000000 1.000000 1.000000
v 0.048796 -0.660637 0.048796 1.000000 1.000000 1.000000
v -0.000000 -0.660637 0.069008 1.000000 1.000000 1.000000
v 0.069008 -0.660637 -0.000000 1.000000 1.000000 1.000000
v 0.069008 -0.642218 0.069008 1.000000 1.000000 1.000000
v -0.000000 -0.660637 0.069008 1.000000 1.000000 1.000000
v 0.048796 -0.660637 0.048796 1.000000 1.000000 1.000000
v 0.069008 -0.660637 -0.000000 1.000000 1.000000 1.000000
v -0.000000 -0.642218 0.097593 1.000000 1.000000 1.000000
v 0.097593 -0.642218 -0.000000 1.000000 1.000000 1.000000
v -0.048796 -0.660637 0.048796 1.000000 1.000000 1.000000
v 0.069008 -0.642218 -0.069008 1.000000 1.000000 1.000000
v -0.069009 -0.642218 0.069008 1.000000 1.000000 1.000000
v 0.048796 -0.660637 -0.048796 1.000000 1.000000 1.000000
v -0.069008 -0.660637 -0.000000 1.000000 1.000000 1.000000
v -0.000000 -0.660637 -0.069008 1.000000 1.000000 1.000000
v -0.097593 -0.642218 -0.000000 1.000000 1.000000 1.000000
v -0.000000 -0.642218 -0.097593 1.000000 1.000000 1.000000
v -0.069009 -0.642218 -0.069008 1.000000 1.000000 1.000000
v -0.048796 -0.660637 -0.048796 1.000000 1.000000 1.000000
v -0.000000 -0.597928 -0.103583 1.000000 1.000000 1.000000
v -0.069009 -0.642218 -0.069008 1.000000 1.000000 1.000000
v -0.073244 -0.597928 -0.073244 1.000000 1.000000 1.000000
v -0.103583 -0.597928 -0.000000 1.000000 1.000000 1.000000
v -0.000000 -0.642218 -0.097593 1.000000 1.000000 1.000000
v -0.097593 -0.642218 -0.000000 1.000000 1.000000 1.000000
v 0.069008 -0.642218 -0.069008 1.000000 1.000000 1.000000
v -0.069009 -0.642218 0.069008 1.000000 1.000000 1.000000
v 0.073244 -0.597928 -0.073244 1.000000 1.000000 1.000000
v -0.073244 -0.597928 0.073244 1.000000 1.000000 1.000000
v 0.103582 -0.597928 -0.000000 1.000000 1.000000 1.000000
v -0.000000 -0.597928 0.103583 1.000000 1.000000 1.000000
v 0.097593 -0.642218 -0.000000 1.000000 1.000000 1.000000
v -0.000000 -0.642218 0.097593 1.000000 1.000000 1.000000
v 0.069008 -0.642218 0.069008 1.000000 1.000000 1.000000
v 0.073244 -0.597928 0.073244 1.000000 1.000000 1.000000
v -0.056094 -0.563367 -0.056094 1.000000 1.000000 1.000000
v -0.088060 -0.546079 -0.000000 1.000000 1.000000 1.000000
v -0.062268 -0.546079 -0.062268 1.000000 1.000000 1.000000
v -0.000000 -0.546079 -0.088060 1.000000 1.000000 1.000000
v -0.079329 -0.563367 -0.000000 1.000000 1.000000 1.000000
v -0.000000 -0.563367 -0.079329 1.000000 1.000000 1.000000
v -0.056094 -0.563367 0.056094 1.000000 1.000000 1.000000
v 0.056094 -0.563367 -0.056094 1.000000 1.000000 1.000000
v -0.062268 -0.546079 0.062268 1.000000 1.000000 1.000000
v 0.062267 -0.546079 -0.062268 1.000000 1.000000 1.000000
v -0.000000 -0.546079 0.088060 1.000000 1.000000 1.000000
v 0.088059 -0.546079 -0.000000 1.000000 1.000000 1.000000
v -0.000000 -0.563367 0.079329 1.000000 1.000000 1.000000
v 0.079329 -0.563367 -0.000000 1.000000 1.000000 1.000000
v 0.056094 -0.563367 0.056094 1.000000 1.000000 1.000000
v 0.062267 -0.546079 0.062268 1.000000 1.000000 1.000000
v -0.178060 -0.044640 -0.069880 1.000000 1.000000 1.000000
v -0.178060 -0.044640 0.069880 1.000000 1.000000 1.000000
v -0.195866 -0.011890 -0.077644 1.000000 1.000000 1.000000
v -0.195866 -0.011890 0.077644 1.000000 1.000000 1.000000
v 0.195866 -0.011890 -0.077644 1.000000 1.000000 1.000000
v 0.195866 -0.011890 0.077644 1.000000 1.000000 1.000000
v 0.178060 -0.044640 -0.069880 1.000000 1.000000 1.000000
v 0.178060 -0.044640 0.069880 1.000000 1.000000 1.000000
v -0.132423 0.027398 0.064604 1.000000 1.000000 1.000000
v -0.132423 0.027398 -0.064604 1.000000 1.000000 1.000000
v -0.121311 0.002675 -0.050915 1.000000 1.000000 1.000000
v -0.121311 0.002675 0.050915 1.000000 1.000000 1.000000
v -0.178060 -0.044640 -0.069880 1.000000 1.000000 1.000000
v -0.059353 -0.044640 -0.069880 1.000000 1.000000 1.000000
v -0.059353 -0.044640 0.069880 1.000000 1.000000 1.000000
v -0.178060 -0.044640 0.069880 1.000000 1.000000 1.000000
v -0.000000 -0.086090 0.069880 1.000000 1.000000 1.000000
v -0.000000 -0.086090 -0.069880 1.000000 1.000000 1.000000
v 0.059353 -0.044640 0.069880 1.000000 1.000000 1.000000
v 0.059353 -0.044640 -0.069880 1.000000 1.000000 1.000000
v 0.178060 -0.044640 0.069880 1.000000 1.000000 1.000000
v 0.178060 -0.044640 -0.069880 1.000000 1.000000 1.000000
v 0.046845 0.453947 -0.049497 1.000000 1.000000 1.000000
v 0.067519 0.433791 -0.042230 1.000000 1.000000 1.000000
v 0.055119 0.428101 -0.049497 1.000000 1.000000 1.000000
v 0.056333 0.463751 -0.042230 1.000000 1.000000 1.000000
v 0.027179 0.471251 -0.049497 1.000000 1.000000 1.000000
v 0.031345 0.484243 -0.042230 1.000000 1.000000 1.000000
v 0.004072 0.471079 -0.049497 1.000000 1.000000 1.000000
v -0.001916 0.483337 -0.042230 1.000000 1.000000 1.000000
v -0.025527 0.444694 -0.042230 1.000000 1.000000 1.000000
v 0.067519 0.433791 0.042230 1.000000 1.000000 1.000000
v 0.046845 0.453947 0.049497 1.000000 1.000000 1.000000
v 0.055119 0.428101 0.049497 1.000000 1.000000 1.000000
v 0.056333 0.463751 0.042230 1.000000 1.000000 1.000000
v 0.027179 0.471251 0.049497 1.000000 1.000000 1.000000
v 0.031345 0.484243 0.042230 1.000000 1.000000 1.000000
v 0.004072 0.471079 0.049497 1.000000 1.000000 1.000000
v -0.001916 0.483337 0.042230 1.000000 1.000000 1.000000
v -0.025527 0.444694 0.042230 1.000000 1.000000 1.000000
v -0.000220 -0.063320 0.101250 1.000000 1.000000 1.000000
v -0.016684 -0.032450 0.101250 1.000000 1.000000 1.000000
v -0.035252 -0.055661 0.077187 1.000000 1.000000 1.000000
v -0.000220 -0.121347 0.077187 1.000000 1.000000 1.000000
v -0.041379 -0.011871 0.101250 1.000000 1.000000 1.000000
v -0.087801 -0.011871 0.077187 1.000000 1.000000 1.000000
v -0.035252 -0.055661 -0.077187 1.000000 1.000000 1.000000
v -0.087801 -0.011871 -0.077187 1.000000 1.000000 1.000000
v -0.041379 -0.011871 -0.101250 1.000000 1.000000 1.000000
v -0.016684 -0.032450 -0.101250 1.000000 1.000000 1.000000
v -0.000220 -0.063320 -0.101250 1.000000 1.000000 1.000000
v -0.000220 -0.121347 -0.077187 1.000000 1.000000 1.000000
v -0.000220 -0.121347 -0.077187 1.000000 1.000000 1.000000
v -0.000220 -0.063320 -0.101250 1.000000 1.000000 1.000000
v 0.034812 -0.055661 -0.077187 1.000000 1.000000 1.000000
v 0.016244 -0.032450 -0.101250 1.000000 1.000000 1.000000
v 0.040939 -0.011871 -0.101250 1.000000 1.000000 1.000000
v 0.087361 -0.011871 -0.077187 1.000000 1.000000 1.000000
v 0.034812 -0.055661 0.077187 1.000000 1.000000 1.000000
v 0.087361 -0.011871 0.077187 1.000000 1.000000 1.000000
v 0.040939 -0.011871 0.101250 1.000000 1.000000 1.000000
v 0.016244 -0.032450 0.101250 1.000000 1.000000 1.000000
v -0.000220 -0.063320 0.101250 1.000000 1.000000 1.000000
v -0.000220 -0.121347 0.077187 1.000000 1.000000 1.000000
v 0.132423 0.027398 -0.064604 1.000000 1.000000 1.000000
v 0.121311 0.002675 0.050915 1.000000 1.000000 1.000000
v 0.121311 0.002675 -0.050915 1.000000 1.000000 1.000000
v 0.132423 0.027398 0.064604 1.000000 1.000000 1.000000
v 0.016244 0.008709 0.101250 1.000000 1.000000 1.000000
v -0.000220 0.039579 0.101250 1.000000 1.000000 1.000000
v -0.000220 0.031350 0.097315 1.000000 1.000000 1.000000
v 0.013611 0.005417 0.097315 1.000000 1.000000 1.000000
v 0.034356 -0.011871 0.097315 1.000000 1.000000 1.000000
v 0.040939 -0.011871 0.101250 1.000000 1.000000 1.000000
v 0.016244 0.008709 -0.101250 1.000000 1.000000 1.000000
v 0.040939 -0.011871 -0.101250 1.000000 1.000000 1.000000
v 0.034356 -0.011871 -0.097315 1.000000 1.000000 1.000000
v 0.013611 0.005417 -0.097315 1.000000 1.000000 1.000000
v -0.000220 0.031350 -0.097315 1.000000 1.000000 1.000000
v -0.000220 0.039579 -0.101250 1.000000 1.000000 1.000000
v -0.121311 0.002675 -0.050915 1.000000 1.000000 1.000000
v -0.060655 0.002675 -0.050915 1.000000 1.000000 1.000000
v -0.060655 0.002675 0.050915 1.000000 1.000000 1.000000
v -0.121311 0.002675 0.050915 1.000000 1.000000 1.000000
v -0.000000 0.002675 0.050915 1.000000 1.000000 1.000000
v -0.000000 0.002675 -0.050915 1.000000 1.000000 1.000000
v 0.060655 0.002675 0.050915 1.000000 1.000000 1.000000
v 0.060655 0.002675 -0.050915 1.000000 1.000000 1.000000
v 0.121311 0.002675 0.050915 1.000000 1.000000 1.000000
v 0.121311 0.002675 -0.050915 1.000000 1.000000 1.000000
v -0.065289 -0.011890 0.077644 1.000000 1.000000 1.000000
v -0.178060 -0.044640 0.069880 1.000000 1.000000 1.000000
v -0.059353 -0.044640 0.069880 1.000000 1.000000 1.000000
v -0.195866 -0.011890 0.077644 1.000000 1.000000 1.000000
v -0.000000 -0.011890 0.077644 1.000000 1.000000 1.000000
v -0.000000 -0.086090 0.069880 1.000000 1.000000 1.000000
v 0.059353 -0.044640 0.069880 1.000000 1.000000 1.000000
v 0.065289 -0.011890 0.077644 1.000000 1.000000 1.000000
v 0.178060 -0.044640 0.069880 1.000000 1.000000 1.000000
v 0.195866 -0.011890 0.077644 1.000000 1.000000 1.000000
v 0.065289 -0.011890 -0.077644 1.000000 1.000000 1.000000
v 0.178060 -0.044640 -0.069880 1.000000 1.000000 1.000000
v 0.059353 -0.044640 -0.069880 1.000000 1.000000 1.000000
v 0.195866 -0.011890 -0.077644 1.000000 1.000000 1.000000
v -0.000000 -0.011890 -0.077644 1.000000 1.000000 1.000000
v -0.000000 -0.086090 -0.069880 1.000000 1.000000 1.000000
v -0.059353 -0.044640 -0.069880 1.000000 1.000000 1.000000
v -0.065289 -0.011890 -0.077644 1.000000 1.000000 1.000000
v -0.178060 -0.044640 -0.069880 1.000000 1.000000 1.000000
v -0.195866 -0.011890 -0.077644 1.000000 1.000000 1.000000
v -0.000220 0.031350 -0.097315 1.000000 1.000000 1.000000
v -0.014050 0.005417 -0.097315 1.000000 1.000000 1.000000
v -0.016684 0.008709 -0.101250 1.000000 1.000000 1.000000
v -0.000220 0.039579 -0.101250 1.000000 1.000000 1.000000
v -0.034796 -0.011871 -0.097315 1.000000 1.000000 1.000000
v -0.041379 -0.011871 -0.101250 1.000000 1.000000 1.000000
v -0.034796 -0.011871 0.097315 1.000000 1.000000 1.000000
v -0.014050 0.005417 0.097315 1.000000 1.000000 1.000000
v -0.016684 0.008709 0.101250 1.000000 1.000000 1.000000
v -0.041379 -0.011871 0.101250 1.000000 1.000000 1.000000
v -0.000220 0.031350 0.097315 1.000000 1.000000 1.000000
v -0.000220 0.039579 0.101250 1.000000 1.000000 1.000000
v -0.000000 0.072127 0.064604 1.000000 1.000000 1.000000
v -0.066212 0.027001 0.064604 1.000000 1.000000 1.000000
v -0.000000 0.002675 0.050915 1.000000 1.000000 1.000000
v 0.066211 0.027001 0.064604 1.000000 1.000000 1.000000
v -0.060655 0.002675 0.050915 1.000000 1.000000 1.000000
v -0.121311 0.002675 0.050915 1.000000 1.000000 1.000000
v -0.132423 0.027398 0.064604 1.000000 1.000000 1.000000
v 0.060655 0.002675 0.050915 1.000000 1.000000 1.000000
v 0.121311 0.002675 0.050915 1.000000 1.000000 1.000000
v 0.132423 0.027398 0.064604 1.000000 1.000000 1.000000
v -0.000000 0.002675 -0.050915 1.000000 1.000000 1.000000
v -0.000000 0.072127 -0.064604 1.000000 1.000000 1.000000
v 0.066211 0.027001 -0.064604 1.000000 1.000000 1.000000
v -0.066212 0.027001 -0.064604 1.000000 1.000000 1.000000
v 0.060655 0.002675 -0.050915 1.000000 1.000000 1.000000
v 0.121311 0.002675 -0.050915 1.000000 1.000000 1.000000
v 0.132423 0.027398 -0.064604 1.000000 1.000000 1.000000
v -0.060655 0.002675 -0.050915 1.000000 1.000000 1.000000
v -0.121311 0.002675 -0.050915 1.000000 1.000000 1.000000
v -0.132423 0.027398 -0.064604 1.000000 1.000000 1.000000
v -0.000220 -0.121347 0.077187 1.000000 1.000000 1.000000
v -0.035252 -0.055661 0.077187 1.000000 1.000000 1.000000
v -0.000220 -0.011871 -0.000000 1.000000 1.000000 1.000000
v -0.087801 -0.011871 0.077187 1.000000 1.000000 1.000000
v 0.067519 0.433791 -0.042230 1.000000 1.000000 1.000000
v 0.056333 0.463751 -0.042230 1.000000 1.000000 1.000000
v 0.046845 0.453947 -0.034962 1.000000 1.000000 1.000000
v 0.055119 0.428101 -0.034962 1.000000 1.000000 1.000000
v 0.027179 0.471251 -0.034962 1.000000 1.000000 1.000000
v 0.031345 0.484243 -0.042230 1.000000 1.000000 1.000000
v 0.004072 0.471079 -0.034962 1.000000 1.000000 1.000000
v -0.001916 0.483337 -0.042230 1.000000 1.000000 1.000000
v -0.025527 0.444694 -0.042230 1.000000 1.000000 1.000000
v 0.046845 0.453947 0.034962 1.000000 1.000000 1.000000
v 0.067519 0.433791 0.042230 1.000000 1.000000 1.000000
v 0.055119 0.428101 0.034962 1.000000 1.000000 1.000000
v 0.056333 0.463751 0.042230 1.000000 1.000000 1.000000
v 0.027179 0.471251 0.034962 1.000000 1.000000 1.000000
v 0.031345 0.484243 0.042230 1.000000 1.000000 1.000000
v 0.004072 0.471079 0.034962 1.000000 1.000000 1.000000
v -0.001916 0.483337 0.042230 1.000000 1.000000 1.000000
v -0.025527 0.444694 0.042230 1.000000 1.000000 1.000000
v -0.132423 0.027398 -0.064604 1.000000 1.000000 1.000000
v -0.132423 0.027398 0.064604 1.000000 1.000000 1.000000
v -0.121311 0.043320 -0.050915 1.000000 1.000000 1.000000
v -0.121311 0.043320 0.050915 1.000000 1.000000 1.000000
v -0.000220 -0.011871 -0.000000 1.000000 1.000000 1.000000
v -0.087801 -0.011871 -0.077187 1.000000 1.000000 1.000000
v -0.035252 -0.055661 -0.077187 1.000000 1.000000 1.000000
v -0.000220 -0.121347 -0.077187 1.000000 1.000000 1.000000
v 0.034812 -0.055661 -0.077187 1.000000 1.000000 1.000000
v 0.087361 -0.011871 -0.077187 1.000000 1.000000 1.000000
v 0.087361 -0.011871 0.077187 1.000000 1.000000 1.000000
v 0.034812 -0.055661 0.077187 1.000000 1.000000 1.000000
v -0.000220 -0.011871 -0.000000 1.000000 1.000000 1.000000
v -0.000220 -0.121347 0.077187 1.000000 1.000000 1.000000
v -0.000220 0.039579 -0.101250 1.000000 1.000000 1.000000
v -0.016684 0.008709 -0.101250 1.000000 1.000000 1.000000
v -0.035252 0.031920 -0.077187 1.000000 1.000000 1.000000
v -0.000220 0.097605 -0.077187 1.000000 1.000000 1.000000
v -0.041379 -0.011871 -0.101250 1.000000 1.000000 1.000000
v -0.087801 -0.011871 -0.077187 1.000000 1.000000 1.000000
v -0.035252 0.031920 0.077187 1.000000 1.000000 1.000000
v -0.087801 -0.011871 0.077187 1.000000 1.000000 1.000000
v -0.041379 -0.011871 0.101250 1.000000 1.000000 1.000000
v -0.016684 0.008709 0.101250 1.000000 1.000000 1.000000
v -0.000220 0.039579 0.101250 1.000000 1.000000 1.000000
v -0.000220 0.097605 0.077187 1.000000 1.000000 1.000000
v 0.039756 0.213637 -0.046977 1.000000 1.000000 1.000000
v 0.053915 0.228017 -0.047512 1.000000 1.000000 1.000000
v 0.046813 0.208195 -0.042230 1.000000 1.000000 1.000000
v 0.061816 0.221924 -0.042230 1.000000 1.000000 1.000000
v 0.063375 0.251125 -0.047512 1.000000 1.000000 1.000000
v 0.073352 0.251054 -0.042230 1.000000 1.000000 1.000000
v 0.065976 0.282423 -0.042230 1.000000 1.000000 1.000000
v 0.057910 0.279700 -0.046736 1.000000 1.000000 1.000000
v 0.058348 0.299607 -0.042230 1.000000 1.000000 1.000000
v 0.051019 0.300143 -0.046120 1.000000 1.000000 1.000000
v 0.052410 0.333335 -0.042230 1.000000 1.000000 1.000000
v 0.053915 0.228017 0.047512 1.000000 1.000000 1.000000
v 0.039756 0.213637 0.046977 1.000000 1.000000 1.000000
v 0.046813 0.208195 0.042230 1.000000 1.000000 1.000000
v 0.061816 0.221924 0.042230 1.000000 1.000000 1.000000
v 0.063375 0.251125 0.047512 1.000000 1.000000 1.000000
v 0.073352 0.251054 0.042230 1.000000 1.000000 1.000000
v 0.065976 0.282423 0.042230 1.000000 1.000000 1.000000
v 0.057910 0.279700 0.046737 1.000000 1.000000 1.000000
v 0.058348 0.299607 0.042230 1.000000 1.000000 1.000000
v 0.051019 0.300143 0.046120 1.000000 1.000000 1.000000
v 0.052410 0.333335 0.042230 1.000000 1.000000 1.000000
v 0.038011 0.375363 -0.053714 1.000000 1.000000 1.000000
v 0.036136 0.424790 -0.042230 1.000000 1.000000 1.000000
v 0.059281 0.414899 -0.054497 1.000000 1.000000 1.000000
v 0.045741 0.450990 -0.042230 1.000000 1.000000 1.000000
v 0.016884 0.383164 -0.042230 1.000000 1.000000 1.000000
v 0.070391 0.448244 -0.053909 1.000000 1.000000 1.000000
v 0.022340 0.336279 -0.052482 1.000000 1.000000 1.000000
v 0.048034 0.483214 -0.042230 1.000000 1.000000 1.000000
v 0.003150 0.339723 -0.042230 1.000000 1.000000 1.000000
v 0.069210 0.489037 -0.052447 1.000000 1.000000 1.000000
v 0.017510 0.301692 -0.051858 1.000000 1.000000 1.000000
v 0.035529 0.524908 -0.042230 1.000000 1.000000 1.000000
v -0.000711 0.301175 -0.042230 1.000000 1.000000 1.000000
v 0.050417 0.532926 -0.050499 1.000000 1.000000 1.000000
v 0.006086 0.267633 -0.042230 1.000000 1.000000 1.000000
v 0.033273 0.574809 -0.049225 1.000000 1.000000 1.000000
v 0.020973 0.271311 -0.050481 1.000000 1.000000 1.000000
v 0.019740 0.573312 -0.042230 1.000000 1.000000 1.000000
v 0.021614 0.243094 -0.042230 1.000000 1.000000 1.000000
v 0.031026 0.608165 -0.049141 1.000000 1.000000 1.000000
v 0.018316 0.612394 -0.042230 1.000000 1.000000 1.000000
v 0.052143 0.660637 -0.042230 1.000000 1.000000 1.000000
v 0.033342 0.248218 -0.048766 1.000000 1.000000 1.000000
v 0.029164 0.223818 -0.042230 1.000000 1.000000 1.000000
v 0.040597 0.225635 -0.047864 1.000000 1.000000 1.000000
v 0.028656 0.203983 -0.042230 1.000000 1.000000 1.000000
v 0.039273 0.200250 -0.047659 1.000000 1.000000 1.000000
v 0.016443 0.176520 -0.042230 1.000000 1.000000 1.000000
v 0.023364 0.170644 -0.046576 1.000000 1.000000 1.000000
v -0.002177 0.150182 -0.042230 1.000000 1.000000 1.000000
v 0.038011 0.375363 0.053714 1.000000 1.000000 1.000000
v 0.036136 0.424790 0.042230 1.000000 1.000000 1.000000
v 0.016884 0.383164 0.042230 1.000000 1.000000 1.000000
v 0.059281 0.414899 0.054497 1.000000 1.000000 1.000000
v 0.022340 0.336279 0.052482 1.000000 1.000000 1.000000
v 0.045741 0.450990 0.042230 1.000000 1.000000 1.000000
v 0.003150 0.339723 0.042230 1.000000 1.000000 1.000000
v 0.070391 0.448244 0.053909 1.000000 1.000000 1.000000
v 0.017510 0.301692 0.051858 1.000000 1.000000 1.000000
v 0.048034 0.483214 0.042230 1.000000 1.000000 1.000000
v -0.000711 0.301175 0.042230 1.000000 1.000000 1.000000
v 0.069210 0.489037 0.052447 1.000000 1.000000 1.000000
v 0.006086 0.267633 0.042230 1.000000 1.000000 1.000000
v 0.035529 0.524908 0.042230 1.000000 1.000000 1.000000
v 0.020973 0.271311 0.050481 1.000000 1.000000 1.000000
v 0.050417 0.532926 0.050499 1.000000 1.000000 1.000000
v 0.021614 0.243094 0.042230 1.000000 1.000000 1.000000
v 0.033273 0.574809 0.049225 1.000000 1.000000 1.000000
v 0.033342 0.248218 0.048766 1.000000 1.000000 1.000000
v 0.019740 0.573312 0.042230 1.000000 1.000000 1.000000
v 0.029164 0.223818 0.042230 1.000000 1.000000 1.000000
v 0.031026 0.608165 0.049141 1.000000 1.000000 1.000000
v 0.018316 0.612394 0.042230 1.000000 1.000000 1.000000
v 0.052143 0.660637 0.042230 1.000000 1.000000 1.000000
v 0.040597 0.225635 0.047864 1.000000 1.000000 1.000000
v 0.028656 0.203983 0.042230 1.000000 1.000000 1.000000
v 0.039273 0.200250 0.047659 1.000000 1.000000 1.000000
v 0.016443 0.176520 0.042230 1.000000 1.000000 1.000000
v 0.023364 0.170644 0.046576 1.000000 1.000000 1.000000
v -0.002177 0.150182 0.042230 1.000000 1.000000 1.000000
v 0.059716 0.367096 -0.042230 1.000000 1.000000 1.000000
v 0.059281 0.414899 -0.054497 1.000000 1.000000 1.000000
v 0.081240 0.405429 -0.042230 1.000000 1.000000 1.000000
v 0.070391 0.448244 -0.053909 1.000000 1.000000 1.000000
v 0.038011 0.375363 -0.053714 1.000000 1.000000 1.000000
v 0.092225 0.446237 -0.042230 1.000000 1.000000 1.000000
v 0.043285 0.331960 -0.042230 1.000000 1.000000 1.000000
v 0.069210 0.489037 -0.052447 1.000000 1.000000 1.000000
v 0.022340 0.336279 -0.052482 1.000000 1.000000 1.000000
v 0.086849 0.494656 -0.042230 1.000000 1.000000 1.000000
v 0.037754 0.302018 -0.042230 1.000000 1.000000 1.000000
v 0.064226 0.540498 -0.042230 1.000000 1.000000 1.000000
v 0.017510 0.301692 -0.051858 1.000000 1.000000 1.000000
v 0.050417 0.532926 -0.050499 1.000000 1.000000 1.000000
v 0.038007 0.275773 -0.042230 1.000000 1.000000 1.000000
v 0.047398 0.576654 -0.042230 1.000000 1.000000 1.000000
v 0.020973 0.271311 -0.050481 1.000000 1.000000 1.000000
v 0.033273 0.574809 -0.049225 1.000000 1.000000 1.000000
v 0.033342 0.248218 -0.048766 1.000000 1.000000 1.000000
v 0.044564 0.604229 -0.042230 1.000000 1.000000 1.000000
v 0.031026 0.608165 -0.049141 1.000000 1.000000 1.000000
v 0.052143 0.660637 -0.042230 1.000000 1.000000 1.000000
v 0.045364 0.253528 -0.042230 1.000000 1.000000 1.000000
v 0.051338 0.227466 -0.042230 1.000000 1.000000 1.000000
v 0.040597 0.225635 -0.047864 1.000000 1.000000 1.000000
v 0.039273 0.200250 -0.047659 1.000000 1.000000 1.000000
v 0.049008 0.196484 -0.042230 1.000000 1.000000 1.000000
v 0.023364 0.170644 -0.046576 1.000000 1.000000 1.000000
v 0.029620 0.165164 -0.042230 1.000000 1.000000 1.000000
v -0.002177 0.150182 -0.042230 1.000000 1.000000 1.000000
v 0.059716 0.367096 0.042230 1.000000 1.000000 1.000000
v 0.059281 0.414899 0.054497 1.000000 1.000000 1.000000
v 0.038011 0.375363 0.053714 1.000000 1.000000 1.000000
v 0.081240 0.405429 0.042230 1.000000 1.000000 1.000000
v 0.043285 0.331960 0.042230 1.000000 1.000000 1.000000
v 0.070391 0.448244 0.053909 1.000000 1.000000 1.000000
v 0.022340 0.336279 0.052482 1.000000 1.000000 1.000000
v 0.092225 0.446237 0.042230 1.000000 1.000000 1.000000
v 0.037754 0.302018 0.042230 1.000000 1.000000 1.000000
v 0.069210 0.489037 0.052447 1.000000 1.000000 1.000000
v 0.017510 0.301692 0.051858 1.000000 1.000000 1.000000
v 0.086849 0.494656 0.042230 1.000000 1.000000 1.000000
v 0.038007 0.275773 0.042230 1.000000 1.000000 1.000000
v 0.064226 0.540498 0.042230 1.000000 1.000000 1.000000
v 0.020973 0.271311 0.050481 1.000000 1.000000 1.000000
v 0.050417 0.532926 0.050499 1.000000 1.000000 1.000000
v 0.033342 0.248218 0.048766 1.000000 1.000000 1.000000
v 0.047398 0.576654 0.042230 1.000000 1.000000 1.000000
v 0.045364 0.253528 0.042230 1.000000 1.000000 1.000000
v 0.033273 0.574809 0.049225 1.000000 1.000000 1.000000
v 0.051338 0.227466 0.042230 1.000000 1.000000 1.000000
v 0.044564 0.604229 0.042230 1.000000 1.000000 1.000000
v 0.031026 0.608165 0.049141 1.000000 1.000000 1.000000
v 0.052143 0.660637 0.042230 1.000000 1.000000 1.000000
v 0.040597 0.225635 0.047864 1.000000 1.000000 1.000000
v 0.039273 0.200250 0.047659 1.000000 1.000000 1.000000
v 0.049008 0.196484 0.042230 1.000000 1.000000 1.000000
v 0.023364 0.170644 0.046576 1.000000 1.000000 1.000000
v 0.029620 0.165164 0.042230 1.000000 1.000000 1.000000
v -0.002177 0.150182 0.042230 1.000000 1.000000 1.000000
v -0.160632 0.019130 -0.062115 1.000000 1.000000 1.000000
v -0.195866 -0.011890 0.077644 1.000000 1.000000 1.000000
v -0.160632 0.019130 0.062115 1.000000 1.000000 1.000000
v -0.195866 -0.011890 -0.077644 1.000000 1.000000 1.000000
v 0.031893 0.219945 -0.042230 1.000000 1.000000 1.000000
v 0.045111 0.235080 -0.042230 1.000000 1.000000 1.000000
v 0.039756 0.213637 -0.046977 1.000000 1.000000 1.000000
v 0.053915 0.228017 -0.047512 1.000000 1.000000 1.000000
v 0.052093 0.251424 -0.042230 1.000000 1.000000 1.000000
v 0.063375 0.251125 -0.047512 1.000000 1.000000 1.000000
v 0.057910 0.279700 -0.046736 1.000000 1.000000 1.000000
v 0.048729 0.276796 -0.042230 1.000000 1.000000 1.000000
v 0.051019 0.300143 -0.046120 1.000000 1.000000 1.000000
v 0.042741 0.300908 -0.042230 1.000000 1.000000 1.000000
v 0.052410 0.333335 -0.042230 1.000000 1.000000 1.000000
v 0.045111 0.235080 0.042230 1.000000 1.000000 1.000000
v 0.031893 0.219945 0.042230 1.000000 1.000000 1.000000
v 0.039756 0.213637 0.046977 1.000000 1.000000 1.000000
v 0.053915 0.228017 0.047512 1.000000 1.000000 1.000000
v 0.052093 0.251424 0.042230 1.000000 1.000000 1.000000
v 0.063375 0.251125 0.047512 1.000000 1.000000 1.000000
v 0.057910 0.279700 0.046737 1.000000 1.000000 1.000000
v 0.048729 0.276796 0.042230 1.000000 1.000000 1.000000
v 0.051019 0.300143 0.046120 1.000000 1.000000 1.000000
v 0.042741 0.300908 0.042230 1.000000 1.000000 1.000000
v 0.052410 0.333335 0.042230 1.000000 1.000000 1.000000
v 0.121311 0.043320 0.050915 1.000000 1.000000 1.000000
v 0.132423 0.027398 -0.064604 1.000000 1.000000 1.000000
v 0.121311 0.043320 -0.050915 1.000000 1.000000 1.000000
v 0.132423 0.027398 0.064604 1.000000 1.000000 1.000000
v -0.000220 0.097605 0.077187 1.000000 1.000000 1.000000
v -0.000220 0.039579 0.101250 1.000000 1.000000 1.000000
v 0.034812 0.031920 0.077187 1.000000 1.000000 1.000000
v 0.016244 0.008709 0.101250 1.000000 1.000000 1.000000
v 0.040939 -0.011871 0.101250 1.000000 1.000000 1.000000
v 0.087361 -0.011871 0.077187 1.000000 1.000000 1.000000
v 0.034812 0.031920 -0.077187 1.000000 1.000000 1.000000
v 0.087361 -0.011871 -0.077187 1.000000 1.000000 1.000000
v 0.040939 -0.011871 -0.101250 1.000000 1.000000 1.000000
v 0.016244 0.008709 -0.101250 1.000000 1.000000 1.000000
v -0.000220 0.039579 -0.101250 1.000000 1.000000 1.000000
v -0.000220 0.097605 -0.077187 1.000000 1.000000 1.000000
v -0.160632 0.019130 -0.062115 1.000000 1.000000 1.000000
v -0.053544 0.019130 -0.062115 1.000000 1.000000 1.000000
v -0.065289 -0.011890 -0.077644 1.000000 1.000000 1.000000
v -0.195866 -0.011890 -0.077644 1.000000 1.000000 1.000000
v -0.000000 -0.011890 -0.077644 1.000000 1.000000 1.000000
v -0.000000 0.060580 -0.062115 1.000000 1.000000 1.000000
v 0.053544 0.019130 -0.062115 1.000000 1.000000 1.000000
v 0.065289 -0.011890 -0.077644 1.000000 1.000000 1.000000
v 0.160631 0.019130 -0.062115 1.000000 1.000000 1.000000
v 0.195866 -0.011890 -0.077644 1.000000 1.000000 1.000000
v 0.065289 -0.011890 0.077644 1.000000 1.000000 1.000000
v 0.195866 -0.011890 0.077644 1.000000 1.000000 1.000000
v 0.160631 0.019130 0.062115 1.000000 1.000000 1.000000
v 0.053544 0.019130 0.062115 1.000000 1.000000 1.000000
v -0.000000 -0.011890 0.077644 1.000000 1.000000 1.000000
v -0.000000 0.060580 0.062115 1.000000 1.000000 1.000000
v -0.053544 0.019130 0.062115 1.000000 1.000000 1.000000
v -0.065289 -0.011890 0.077644 1.000000 1.000000 1.000000
v -0.160632 0.019130 0.062115 1.000000 1.000000 1.000000
v -0.195866 -0.011890 0.077644 1.000000 1.000000 1.000000
v -0.060655 0.051328 0.050915 1.000000 1.000000 1.000000
v -0.121311 0.043320 0.050915 1.000000 1.000000 1.000000
v -0.066212 0.027001 0.064604 1.000000 1.000000 1.000000
v -0.132423 0.027398 0.064604 1.000000 1.000000 1.000000
v -0.000000 0.072127 0.064604 1.000000 1.000000 1.000000
v -0.000000 0.111837 0.050915 1.000000 1.000000 1.000000
v 0.060655 0.051328 0.050915 1.000000 1.000000 1.000000
v 0.066211 0.027001 0.064604 1.000000 1.000000 1.000000
v 0.121311 0.043320 0.050915 1.000000 1.000000 1.000000
v 0.132423 0.027398 0.064604 1.000000 1.000000 1.000000
v 0.121311 0.043320 -0.050915 1.000000 1.000000 1.000000
v 0.066211 0.027001 -0.064604 1.000000 1.000000 1.000000
v 0.060655 0.051328 -0.050915 1.000000 1.000000 1.000000
v 0.132423 0.027398 -0.064604 1.000000 1.000000 1.000000
v -0.000000 0.072127 -0.064604 1.000000 1.000000 1.000000
v -0.000000 0.111837 -0.050915 1.000000 1.000000 1.000000
v -0.060655 0.051328 -0.050915 1.000000 1.000000 1.000000
v -0.066212 0.027001 -0.064604 1.000000 1.000000 1.000000
v -0.121311 0.043320 -0.050915 1.000000 1.000000 1.000000
v -0.132423 0.027398 -0.064604 1.000000 1.000000 1.000000
v 0.160631 0.019130 -0.062115 1.000000 1.000000 1.000000
v 0.195866 -0.011890 0.077644 1.000000 1.000000 1.000000
v 0.195866 -0.011890 -0.077644 1.000000 1.000000 1.000000
v 0.160631 0.019130 0.062115 1.000000 1.000000 1.000000
v 0.016244 -0.032450 0.101250 1.000000 1.000000 1.000000
v 0.040939 -0.011871 0.101250 1.000000 1.000000 1.000000
v 0.034356 -0.011871 0.097315 1.000000 1.000000 1.000000
v 0.013611 -0.029159 0.097315 1.000000 1.000000 1.000000
v -0.000220 -0.055091 0.097315 1.000000 1.000000 1.000000
v -0.000220 -0.063320 0.101250 1.000000 1.000000 1.000000
v -0.034796 -0.011871 -0.097315 1.000000 1.000000 1.000000
v -0.014050 -0.029159 -0.097315 1.000000 1.000000 1.000000
v -0.016684 -0.032450 -0.101250 1.000000 1.000000 1.000000
v -0.041379 -0.011871 -0.101250 1.000000 1.000000 1.000000
v -0.000220 -0.055091 -0.097315 1.000000 1.000000 1.000000
v -0.000220 -0.063320 -0.101250 1.000000 1.000000 1.000000
v 0.016244 -0.032450 -0.101250 1.000000 1.000000 1.000000
v 0.013611 -0.029159 -0.097315 1.000000 1.000000 1.000000
v 0.034356 -0.011871 -0.097315 1.000000 1.000000 1.000000
v 0.040939 -0.011871 -0.101250 1.000000 1.000000 1.000000
v -0.060655 0.051328 -0.050915 1.000000 1.000000 1.000000
v -0.121311 0.043320 -0.050915 1.000000 1.000000 1.000000
v -0.121311 0.043320 0.050915 1.000000 1.000000 1.000000
v -0.060655 0.051328 0.050915 1.000000 1.000000 1.000000
v -0.000000 0.111837 -0.050915 1.000000 1.000000 1.000000
v -0.000000 0.111837 0.050915 1.000000 1.000000 1.000000
v -0.000220 -0.055091 0.097315 1.000000 1.000000 1.000000
v -0.014050 -0.029159 0.097315 1.000000 1.000000 1.000000
v -0.016684 -0.032450 0.101250 1.000000 1.000000 1.000000
v -0.000220 -0.063320 0.101250 1.000000 1.000000 1.000000
v -0.034796 -0.011871 0.097315 1.000000 1.000000 1.000000
v -0.041379 -0.011871 0.101250 1.000000 1.000000 1.000000
v 0.053915 0.228017 -0.036948 1.000000 1.000000 1.000000
v 0.046813 0.208195 -0.042230 1.000000 1.000000 1.000000
v 0.061816 0.221924 -0.042230 1.000000 1.000000 1.000000
v 0.039756 0.213637 -0.037483 1.000000 1.000000 1.000000
v 0.063375 0.251125 -0.036948 1.000000 1.000000 1.000000
v 0.073352 0.251054 -0.042230 1.000000 1.000000 1.000000
v 0.065976 0.282423 -0.042230 1.000000 1.000000 1.000000
v 0.057910 0.279700 -0.037723 1.000000 1.000000 1.000000
v 0.058348 0.299607 -0.042230 1.000000 1.000000 1.000000
v 0.051019 0.300143 -0.038339 1.000000 1.000000 1.000000
v 0.052410 0.333335 -0.042230 1.000000 1.000000 1.000000
v 0.046813 0.208195 0.042230 1.000000 1.000000 1.000000
v 0.053915 0.228017 0.036948 1.000000 1.000000 1.000000
v 0.061816 0.221924 0.042230 1.000000 1.000000 1.000000
v 0.039756 0.213637 0.037483 1.000000 1.000000 1.000000
v 0.063375 0.251125 0.036948 1.000000 1.000000 1.000000
v 0.073352 0.251054 0.042230 1.000000 1.000000 1.000000
v 0.065976 0.282423 0.042230 1.000000 1.000000 1.000000
v 0.057910 0.279700 0.037723 1.000000 1.000000 1.000000
v 0.058348 0.299607 0.042230 1.000000 1.000000 1.000000
v 0.051019 0.300143 0.038339 1.000000 1.000000 1.000000
v 0.052410 0.333335 0.042230 1.000000 1.000000 1.000000
v 0.036136 0.424790 -0.042230 1.000000 1.000000 1.000000
v 0.016884 0.383164 -0.042230 1.000000 1.000000 1.000000
v 0.038011 0.375363 -0.030746 1.000000 1.000000 1.000000
v 0.022340 0.336279 -0.031978 1.000000 1.000000 1.000000
v 0.059281 0.414899 -0.029963 1.000000 1.000000 1.000000
v 0.003150 0.339723 -0.042230 1.000000 1.000000 1.000000
v 0.045741 0.450990 -0.042230 1.000000 1.000000 1.000000
v 0.017510 0.301692 -0.032602 1.000000 1.000000 1.000000
v 0.070391 0.448244 -0.030550 1.000000 1.000000 1.000000
v -0.000711 0.301175 -0.042230 1.000000 1.000000 1.000000
v 0.048034 0.483214 -0.042230 1.000000 1.000000 1.000000
v 0.006086 0.267633 -0.042230 1.000000 1.000000 1.000000
v 0.069210 0.489037 -0.032012 1.000000 1.000000 1.000000
v 0.020973 0.271311 -0.033979 1.000000 1.000000 1.000000
v 0.035529 0.524908 -0.042230 1.000000 1.000000 1.000000
v 0.021614 0.243094 -0.042230 1.000000 1.000000 1.000000
v 0.050417 0.532926 -0.033961 1.000000 1.000000 1.000000
v 0.033342 0.248218 -0.035693 1.000000 1.000000 1.000000
v 0.033273 0.574809 -0.035234 1.000000 1.000000 1.000000
v 0.029164 0.223818 -0.042230 1.000000 1.000000 1.000000
v 0.019740 0.573312 -0.042230 1.000000 1.000000 1.000000
v 0.040597 0.225635 -0.036595 1.000000 1.000000 1.000000
v 0.031026 0.608165 -0.035318 1.000000 1.000000 1.000000
v 0.018316 0.612394 -0.042230 1.000000 1.000000 1.000000
v 0.052143 0.660637 -0.042230 1.000000 1.000000 1.000000
v 0.028656 0.203983 -0.042230 1.000000 1.000000 1.000000
v 0.039273 0.200250 -0.036800 1.000000 1.000000 1.000000
v 0.016443 0.176520 -0.042230 1.000000 1.000000 1.000000
v 0.023364 0.170644 -0.037883 1.000000 1.000000 1.000000
v -0.002177 0.150182 -0.042230 1.000000 1.000000 1.000000
v 0.059281 0.414899 0.029963 1.000000 1.000000 1.000000
v 0.038011 0.375363 0.030746 1.000000 1.000000 1.000000
v 0.036136 0.424790 0.042230 1.000000 1.000000 1.000000
v 0.016884 0.383164 0.042230 1.000000 1.000000 1.000000
v 0.045741 0.450990 0.042230 1.000000 1.000000 1.000000
v 0.022340 0.336279 0.031978 1.000000 1.000000 1.000000
v 0.070391 0.448244 0.030550 1.000000 1.000000 1.000000
v 0.003150 0.339723 0.042230 1.000000 1.000000 1.000000
v 0.048034 0.483214 0.042230 1.000000 1.000000 1.000000
v 0.017510 0.301692 0.032602 1.000000 1.000000 1.000000
v 0.069210 0.489037 0.032012 1.000000 1.000000 1.000000
v -0.000711 0.301175 0.042230 1.000000 1.000000 1.000000
v 0.035529 0.524908 0.042230 1.000000 1.000000 1.000000
v 0.006086 0.267633 0.042230 1.000000 1.000000 1.000000
v 0.050417 0.532926 0.033961 1.000000 1.000000 1.000000
v 0.020973 0.271311 0.033979 1.000000 1.000000 1.000000
v 0.033273 0.574809 0.035234 1.000000 1.000000 1.000000
v 0.021614 0.243094 0.042230 1.000000 1.000000 1.000000
v 0.019740 0.573312 0.042230 1.000000 1.000000 1.000000
v 0.033342 0.248218 0.035693 1.000000 1.000000 1.000000
v 0.031026 0.608165 0.035319 1.000000 1.000000 1.000000
v 0.018316 0.612394 0.042230 1.000000 1.000000 1.000000
v 0.052143 0.660637 0.042230 1.000000 1.000000 1.000000
v 0.029164 0.223818 0.042230 1.000000 1.000000 1.000000
v 0.040597 0.225635 0.036595 1.000000 1.000000 1.000000
v 0.028656 0.203983 0.042230 1.000000 1.000000 1.000000
v 0.039273 0.200250 0.036800 1.000000 1.000000 1.000000
v 0.016443 0.176520 0.042230 1.000000 1.000000 1.000000
v 0.023364 0.170644 0.037883 1.000000 1.000000 1.000000
v -0.002177 0.150182 0.042230 1.000000 1.000000 1.000000
v 0.059281 0.414899 -0.029963 1.000000 1.000000 1.000000
v 0.038011 0.375363 -0.030746 1.000000 1.000000 1.000000
v 0.059716 0.367096 -0.042230 1.000000 1.000000 1.000000
v 0.043285 0.331960 -0.042230 1.000000 1.000000 1.000000
v 0.081240 0.405429 -0.042230 1.000000 1.000000 1.000000
v 0.022340 0.336279 -0.031978 1.000000 1.000000 1.000000
v 0.070391 0.448244 -0.030550 1.000000 1.000000 1.000000
v 0.037754 0.302018 -0.042230 1.000000 1.000000 1.000000
v 0.092225 0.446237 -0.042230 1.000000 1.000000 1.000000
v 0.017510 0.301692 -0.032602 1.000000 1.000000 1.000000
v 0.069210 0.489037 -0.032012 1.000000 1.000000 1.000000
v 0.038007 0.275773 -0.042230 1.000000 1.000000 1.000000
v 0.086849 0.494656 -0.042230 1.000000 1.000000 1.000000
v 0.020973 0.271311 -0.033979 1.000000 1.000000 1.000000
v 0.064226 0.540498 -0.042230 1.000000 1.000000 1.000000
v 0.033342 0.248218 -0.035693 1.000000 1.000000 1.000000
v 0.050417 0.532926 -0.033961 1.000000 1.000000 1.000000
v 0.045364 0.253528 -0.042230 1.000000 1.000000 1.000000
v 0.047398 0.576654 -0.042230 1.000000 1.000000 1.000000
v 0.051338 0.227466 -0.042230 1.000000 1.000000 1.000000
v 0.033273 0.574809 -0.035234 1.000000 1.000000 1.000000
v 0.040597 0.225635 -0.036595 1.000000 1.000000 1.000000
v 0.044564 0.604229 -0.042230 1.000000 1.000000 1.000000
v 0.031026 0.608165 -0.035318 1.000000 1.000000 1.000000
v 0.052143 0.660637 -0.042230 1.000000 1.000000 1.000000
v 0.039273 0.200250 -0.036800 1.000000 1.000000 1.000000
v 0.049008 0.196484 -0.042230 1.000000 1.000000 1.000000
v 0.023364 0.170644 -0.037883 1.000000 1.000000 1.000000
v 0.029620 0.165164 -0.042230 1.000000 1.000000 1.000000
v -0.002177 0.150182 -0.042230 1.000000 1.000000 1.000000
v 0.081240 0.405429 0.042230 1.000000 1.000000 1.000000
v 0.059716 0.367096 0.042230 1.000000 1.000000 1.000000
v 0.059281 0.414899 0.029963 1.000000 1.000000 1.000000
v 0.038011 0.375363 0.030746 1.000000 1.000000 1.000000
v 0.070391 0.448244 0.030550 1.000000 1.000000 1.000000
v 0.043285 0.331960 0.042230 1.000000 1.000000 1.000000
v 0.092225 0.446237 0.042230 1.000000 1.000000 1.000000
v 0.022340 0.336279 0.031978 1.000000 1.000000 1.000000
v 0.069210 0.489037 0.032012 1.000000 1.000000 1.000000
v 0.037754 0.302018 0.042230 1.000000 1.000000 1.000000
v 0.086849 0.494656 0.042230 1.000000 1.000000 1.000000
v 0.017510 0.301692 0.032602 1.000000 1.000000 1.000000
v 0.064226 0.540498 0.042230 1.000000 1.000000 1.000000
v 0.038007 0.275773 0.042230 1.000000 1.000000 1.000000
v 0.050417 0.532926 0.033961 1.000000 1.000000 1.000000
v 0.020973 0.271311 0.033979 1.000000 1.000000 1.000000
v 0.047398 0.576654 0.042230 1.000000 1.000000 1.000000
v 0.033342 0.248218 0.035693 1.000000 1.000000 1.000000
v 0.033273 0.574809 0.035234 1.000000 1.000000 1.000000
v 0.045364 0.253528 0.042230 1.000000 1.000000 1.000000
v 0.044564 0.604229 0.042230 1.000000 1.000000 1.000000
v 0.031026 0.608165 0.035319 1.000000 1.000000 1.000000
v 0.052143 0.660637 0.042230 1.000000 1.000000 1.000000
v 0.051338 0.227466 0.042230 1.000000 1.000000 1.000000
v 0.040597 0.225635 0.036595 1.000000 1.000000 1.000000
v 0.039273 0.200250 0.036800 1.000000 1.000000 1.000000
v 0.049008 0.196484 0.042230 1.000000 1.000000 1.000000
v 0.023364 0.170644 0.037883 1.000000 1.000000 1.000000
v 0.029620 0.165164 0.042230 1.000000 1.000000 1.000000
v -0.002177 0.150182 0.042230 1.000000 1.000000 1.000000
v 0.121311 0.043320 -0.050915 1.000000 1.000000 1.000000
v 0.060655 0.051328 -0.050915 1.000000 1.000000 1.000000
v 0.060655 0.051328 0.050915 1.000000 1.000000 1.000000
v 0.121311 0.043320 0.050915 1.000000 1.000000 1.000000
v -0.000000 0.111837 0.050915 1.000000 1.000000 1.000000
v -0.000000 0.111837 -0.050915 1.000000 1.000000 1.000000
v 0.045111 0.235080 -0.042230 1.000000 1.000000 1.000000
v 0.039756 0.213637 -0.037483 1.000000 1.000000 1.000000
v 0.053915 0.228017 -0.036948 1.000000 1.000000 1.000000
v 0.031893 0.219945 -0.042230 1.000000 1.000000 1.000000
v 0.052093 0.251424 -0.042230 1.000000 1.000000 1.000000
v 0.063375 0.251125 -0.036948 1.000000 1.000000 1.000000
v 0.057910 0.279700 -0.037723 1.000000 1.000000 1.000000
v 0.048729 0.276796 -0.042230 1.000000 1.000000 1.000000
v 0.051019 0.300143 -0.038339 1.000000 1.000000 1.000000
v 0.042741 0.300908 -0.042230 1.000000 1.000000 1.000000
v 0.052410 0.333335 -0.042230 1.000000 1.000000 1.000000
v 0.039756 0.213637 0.037483 1.000000 1.000000 1.000000
v 0.045111 0.235080 0.042230 1.000000 1.000000 1.000000
v 0.053915 0.228017 0.036948 1.000000 1.000000 1.000000
v 0.031893 0.219945 0.042230 1.000000 1.000000 1.000000
v 0.052093 0.251424 0.042230 1.000000 1.000000 1.000000
v 0.063375 0.251125 0.036948 1.000000 1.000000 1.000000
v 0.057910 0.279700 0.037723 1.000000 1.000000 1.000000
v 0.048729 0.276796 0.042230 1.000000 1.000000 1.000000
v 0.051019 0.300143 0.038339 1.000000 1.000000 1.000000
v 0.042741 0.300908 0.042230 1.000000 1.000000 1.000000
v 0.052410 0.333335 0.042230 1.000000 1.000000 1.000000
v -0.000220 -0.011871 -0.000000 1.000000 1.000000 1.000000
v -0.000220 0.097605 -0.077187 1.000000 1.000000 1.000000
v -0.035252 0.031920 -0.077187 1.000000 1.000000 1.000000
v -0.087801 -0.011871 -0.077187 1.000000 1.000000 1.000000
v -0.087801 -0.011871 0.077187 1.000000 1.000000 1.000000
v -0.035252 0.031920 0.077187 1.000000 1.000000 1.000000
v -0.000220 -0.011871 -0.000000 1.000000 1.000000 1.000000
v -0.000220 0.097605 0.077187 1.000000 1.000000 1.000000
v 0.035901 0.443065 -0.042230 1.000000 1.000000 1.000000
v 0.055119 0.428101 -0.049497 1.000000 1.000000 1.000000
v 0.040970 0.421936 -0.042230 1.000000 1.000000 1.000000
v 0.046845 0.453947 -0.049497 1.000000 1.000000 1.000000
v 0.022184 0.456649 -0.042230 1.000000 1.000000 1.000000
v 0.027179 0.471251 -0.049497 1.000000 1.000000 1.000000
v 0.010577 0.457084 -0.042230 1.000000 1.000000 1.000000
v 0.004072 0.471079 -0.049497 1.000000 1.000000 1.000000
v -0.025527 0.444694 -0.042230 1.000000 1.000000 1.000000
v 0.055119 0.428101 0.049497 1.000000 1.000000 1.000000
v 0.035901 0.443065 0.042230 1.000000 1.000000 1.000000
v 0.040970 0.421936 0.042230 1.000000 1.000000 1.000000
v 0.046845 0.453947 0.049497 1.000000 1.000000 1.000000
v 0.022184 0.456649 0.042230 1.000000 1.000000 1.000000
v 0.027179 0.471251 0.049497 1.000000 1.000000 1.000000
v 0.010577 0.457084 0.042230 1.000000 1.000000 1.000000
v 0.004072 0.471079 0.049497 1.000000 1.000000 1.000000
v -0.025527 0.444694 0.042230 1.000000 1.000000 1.000000
v -0.000220 -0.011871 -0.000000 1.000000 1.000000 1.000000
v -0.000220 0.097605 0.077187 1.000000 1.000000 1.000000
v 0.034812 0.031920 0.077187 1.000000 1.000000 1.000000
v 0.087361 -0.011871 0.077187 1.000000 1.000000 1.000000
v 0.087361 -0.011871 -0.077187 1.000000 1.000000 1.000000
v 0.034812 0.031920 -0.077187 1.000000 1.000000 1.000000
v -0.000220 -0.011871 -0.000000 1.000000 1.000000 1.000000
v -0.000220 0.097605 -0.077187 1.000000 1.000000 1.000000
v 0.160631 0.019130 -0.062115 1.000000 1.000000 1.000000
v 0.053544 0.019130 -0.062115 1.000000 1.000000 1.000000
v 0.053544 0.019130 0.062115 1.000000 1.000000 1.000000
v 0.160631 0.019130 0.062115 1.000000 1.000000 1.000000
v -0.000000 0.060580 0.062115 1.000000 1.000000 1.000000
v -0.000000 0.060580 -0.062115 1.000000 1.000000 1.000000
v -0.053544 0.019130 0.062115 1.000000 1.000000 1.000000
v -0.053544 0.019130 -0.062115 1.000000 1.000000 1.000000
v -0.160632 0.019130 0.062115 1.000000 1.000000 1.000000
v -0.160632 0.019130 -0.062115 1.000000 1.000000 1.000000
v 0.055119 0.428101 -0.034962 1.000000 1.000000 1.000000
v 0.046845 0.453947 -0.034962 1.000000 1.000000 1.000000
v 0.035901 0.443065 -0.042230 1.000000 1.000000 1.000000
v 0.040970 0.421936 -0.042230 1.000000 1.000000 1.000000
v 0.022184 0.456649 -0.042230 1.000000 1.000000 1.000000
v 0.027179 0.471251 -0.034962 1.000000 1.000000 1.000000
v 0.010577 0.457084 -0.042230 1.000000 1.000000 1.000000
v 0.004072 0.471079 -0.034962 1.000000 1.000000 1.000000
v -0.025527 0.444694 -0.042230 1.000000 1.000000 1.000000
v 0.035901 0.443065 0.042230 1.000000 1.000000 1.000000
v 0.055119 0.428101 0.034962 1.000000 1.000000 1.000000
v 0.040970 0.421936 0.042230 1.000000 1.000000 1.000000
v 0.046845 0.453947 0.034962 1.000000 1.000000 1.000000
v 0.022184 0.456649 0.042230 1.000000 1.000000 1.000000
v 0.027179 0.471251 0.034962 1.000000 1.000000 1.000000
v 0.010577 0.457084 0.042230 1.000000 1.000000 1.000000
v 0.004072 0.471079 0.034962 1.000000 1.000000 1.000000
v -0.025527 0.444694 0.042230 1.000000 1.000000 1.000000
v -0.000000 -0.546079 0.088060 1.000000 1.000000 1.000000
v 0.062267 -0.546079 0.062268 1.000000 1.000000 1.000000
v 0.045448 -0.520146 0.045448 1.000000 1.000000 1.000000
v 0.088059 -0.546079 -0.000000 1.000000 1.000000 1.000000
v -0.000000 -0.520146 0.064273 1.000000 1.000000 1.000000
v 0.064273 -0.520146 -0.000000 1.000000 1.000000 1.000000
v -0.045448 -0.520146 0.045448 1.000000 1.000000 1.000000
v 0.045448 -0.520146 -0.045448 1.000000 1.000000 1.000000
v -0.062268 -0.546079 0.062268 1.000000 1.000000 1.000000
v 0.062267 -0.546079 -0.062268 1.000000 1.000000 1.000000
v -0.088060 -0.546079 -0.000000 1.000000 1.000000 1.000000
v -0.000000 -0.546079 -0.088060 1.000000 1.000000 1.000000
v -0.064273 -0.520146 -0.000000 1.000000 1.000000 1.000000
v -0.000000 -0.520146 -0.064273 1.000000 1.000000 1.000000
v -0.045448 -0.520146 -0.045448 1.000000 1.000000 1.000000
v -0.062268 -0.546079 -0.062268 1.000000 1.000000 1.000000
v 0.103582 -0.597928 -0.000000 1.000000 1.000000 1.000000
v 0.056094 -0.563367 0.056094 1.000000 1.000000 1.000000
v 0.073244 -0.597928 0.073244 1.000000 1.000000 1.000000
v -0.000000 -0.597928 0.103583 1.000000 1.000000 1.000000
v 0.079329 -0.563367 -0.000000 1.000000 1.000000 1.000000
v -0.000000 -0.563367 0.079329 1.000000 1.000000 1.000000
v 0.056094 -0.563367 -0.056094 1.000000 1.000000 1.000000
v -0.056094 -0.563367 0.056094 1.000000 1.000000 1.000000
v 0.073244 -0.597928 -0.073244 1.000000 1.000000 1.000000
v -0.073244 -0.597928 0.073244 1.000000 1.000000 1.000000
v -0.000000 -0.597928 -0.103583 1.000000 1.000000 1.000000
v -0.103583 -0.597928 -0.000000 1.000000 1.000000 1.000000
v -0.000000 -0.563367 -0.079329 1.000000 1.000000 1.000000
v -0.079329 -0.563367 -0.000000 1.000000 1.000000 1.000000
v -0.056094 -0.563367 -0.056094 1.000000 1.000000 1.000000
v -0.073244 -0.597928 -0.073244 1.000000 1.000000 1.000000
vn -0.000264 -1.000000 -0.000264
vn -0.000264 -1.000000 -0.000264
vn -0.000264 -1.000000 -0.000264
vn -0.000264 -1.000000 -0.000264
vn -0.000264 -1.000000 -0.000264
vn -0.000264 -1.000000 -0.000264
vn -0.000264 -1.000000 -0.000264
vn -0.000264 -1.000000 -0.000264
vn 0.382736 -0.840743 0.382736
vn -0.000264 -0.840743 0.541993
vn 0.382736 -0.840743 0.382736
vn 0.541993 -0.840743 -0.000264
vn -0.000264 -0.840743 0.541993
vn 0.541993 -0.840743 -0.000264
vn -0.383263 -0.840743 0.382736
vn 0.382736 -0.840743 -0.383263
vn -0.383263 -0.840743 0.382736
vn 0.382736 -0.840743 -0.383263
vn -0.541543 -0.840743 -0.000264
vn -0.000264 -0.840743 -0.541543
vn -0.541543 -0.840743 -0.000264
vn -0.000264 -0.840743 -0.541543
vn -0.383263 -0.840743 -0.383263
vn -0.383263 -0.840743 -0.383263
vn -0.000264 -0.134343 -0.990982
vn -0.700801 -0.134343 -0.700801
vn -0.700801 -0.134343 -0.700801
vn -0.990982 -0.134343 -0.000264
vn -0.000264 -0.134343 -0.990982
vn -0.990982 -0.134343 -0.000264
vn 0.700274 -0.134343 -0.700801
vn -0.700801 -0.134343 0.700274
vn 0.700274 -0.134343 -0.700801
vn -0.700801 -0.134343 0.700274
vn 0.991432 -0.134343 -0.000264
vn -0.000264 -0.134343 0.991432
vn 0.991432 -0.134343 -0.000264
vn -0.000264 -0.134343 0.991432
vn 0.700274 -0.134343 0.700274
vn 0.700274 -0.134343 0.700274
vn -0.631431 -0.450904 -0.631431
vn -0.892301 -0.450904 -0.000264
vn -0.631431 -0.450904 -0.631431
vn -0.000264 -0.450904 -0.892301
vn -0.892301 -0.450904 -0.000264
vn -0.000264 -0.450904 -0.892301
vn -0.631431 -0.450904 0.630904
vn 0.630904 -0.450904 -0.631431
vn -0.631431 -0.450904 0.630904
vn 0.630904 -0.450904 -0.631431
vn -0.000264 -0.450904 0.892751
vn 0.892751 -0.450904 -0.000264
vn -0.000264 -0.450904 0.892751
vn 0.892751 -0.450904 -0.000264
vn 0.630904 -0.450904 0.630904
vn 0.630904 -0.450904 0.630904
vn -0.878622 -0.477284 -0.000264
vn -0.878622 -0.477284 -0.000264
vn -0.878622 -0.477284 -0.000264
vn -0.878622 -0.477284 -0.000264
vn 0.878095 -0.477284 -0.000264
vn 0.878095 -0.477284 -0.000264
vn 0.878095 -0.477284 -0.000264
vn 0.878095 -0.477284 -0.000264
vn -0.911841 -0.409868 -0.000264
vn -0.911841 -0.409868 -0.000264
vn -0.911841 -0.409868 -0.000264
vn -0.911841 -0.409868 -0.000264
vn -0.000264 -1.000000 -0.000264
vn -0.300215 -0.954079 -0.000264
vn -0.300215 -0.954079 -0.000264
vn -0.000264 -1.000000 -0.000264
vn -0.000264 -1.000000 -0.000264
vn -0.000264 -1.000000 -0.000264
vn 0.299688 -0.954079 -0.000264
vn 0.299688 -0.954079 -0.000264
vn -0.000264 -1.000000 -0.000264
vn -0.000264 -1.000000 -0.000264
vn 0.400323 0.256473 -0.879599
vn 0.463830 0.161700 -0.870806
vn 0.463830 0.161700 -0.870806
vn 0.382736 0.280899 -0.880576
vn 0.158017 0.439179 -0.884484
vn 0.152155 0.442110 -0.884484
vn -0.224983 0.408891 -0.884484
vn -0.227914 0.406937 -0.884484
vn -0.455564 0.278945 -0.845403
vn 0.463830 0.161700 0.871256
vn 0.400323 0.256473 0.880049
vn 0.463830 0.161700 0.871256
vn 0.382736 0.280899 0.880049
vn 0.158017 0.439179 0.883957
vn 0.152155 0.442110 0.883957
vn -0.224983 0.408891 0.884934
vn -0.227914 0.406937 0.884934
vn -0.455564 0.278945 0.845853
vn -0.583556 -0.311187 0.750103
vn -0.486829 -0.410845 0.771598
vn -0.505393 -0.392281 0.768667
vn -0.583556 -0.311187 0.750103
vn -0.402804 -0.483146 0.777460
vn -0.402804 -0.483146 0.777460
vn -0.505393 -0.392281 -0.768217
vn -0.402804 -0.483146 -0.777010
vn -0.402804 -0.483146 -0.777010
vn -0.486829 -0.410845 -0.771148
vn -0.583556 -0.311187 -0.750630
vn -0.583556 -0.311187 -0.750630
vn 0.583029 -0.311187 -0.750630
vn 0.583029 -0.311187 -0.750630
vn 0.505843 -0.392281 -0.768217
vn 0.486302 -0.410845 -0.771148
vn 0.403254 -0.483146 -0.777010
vn 0.403254 -0.483146 -0.777010
vn 0.505843 -0.392281 0.768667
vn 0.403254 -0.483146 0.777460
vn 0.403254 -0.483146 0.777460
vn 0.486302 -0.410845 0.771598
vn 0.583029 -0.311187 0.750103
vn 0.583029 -0.311187 0.750103
vn 0.912291 -0.409868 -0.000264
vn 0.912291 -0.409868 -0.000264
vn 0.912291 -0.409868 -0.000264
vn 0.912291 -0.409868 -0.000264
vn -0.546429 -0.425501 0.721769
vn -0.628500 -0.335613 0.701251
vn -0.628500 -0.335613 0.701251
vn -0.527865 -0.444064 0.724700
vn -0.437000 -0.524182 0.730562
vn -0.437000 -0.524182 0.730562
vn -0.546429 -0.425501 -0.721319
vn -0.437000 -0.524182 -0.731089
vn -0.437000 -0.524182 -0.731089
vn -0.527865 -0.444064 -0.724250
vn -0.628500 -0.335613 -0.701778
vn -0.628500 -0.335613 -0.701778
vn -0.000264 -1.000000 -0.000264
vn -0.000264 -1.000000 -0.000264
vn -0.000264 -1.000000 -0.000264
vn -0.000264 -1.000000 -0.000264
vn -0.000264 -1.000000 -0.000264
vn -0.000264 -1.000000 -0.000264
vn -0.000264 -1.000000 -0.000264
vn -0.000264 -1.000000 -0.000264
vn -0.000264 -1.000000 -0.000264
vn -0.000264 -1.000000 -0.000264
vn -0.021758 -0.192965 0.980684
vn -0.000264 -0.231070 0.972868
vn -0.030552 -0.178310 0.983615
vn -0.000264 -0.231070 0.972868
vn -0.000264 -0.146067 0.989478
vn -0.000264 -0.146067 0.989478
vn 0.030025 -0.178310 0.983615
vn 0.021231 -0.192965 0.980684
vn -0.000264 -0.231070 0.972868
vn -0.000264 -0.231070 0.972868
vn 0.021231 -0.192965 -0.981211
vn -0.000264 -0.231070 -0.973395
vn 0.030025 -0.178310 -0.983165
vn -0.000264 -0.231070 -0.973395
vn -0.000264 -0.146067 -0.989028
vn -0.000264 -0.146067 -0.989028
vn -0.030552 -0.178310 -0.983165
vn -0.021758 -0.192965 -0.981211
vn -0.000264 -0.231070 -0.973395
vn -0.000264 -0.231070 -0.973395
vn 0.628950 -0.335613 -0.701778
vn 0.527338 -0.444064 -0.724250
vn 0.546879 -0.425501 -0.721319
vn 0.628950 -0.335613 -0.701778
vn 0.436473 -0.524182 -0.731089
vn 0.436473 -0.524182 -0.731089
vn 0.436473 -0.524182 0.730562
vn 0.527338 -0.444064 0.724700
vn 0.546879 -0.425501 0.721769
vn 0.436473 -0.524182 0.730562
vn 0.628950 -0.335613 0.701251
vn 0.628950 -0.335613 0.701251
vn -0.000264 -0.275037 0.961143
vn 0.049565 -0.380557 0.924016
vn -0.000264 -0.275037 0.961143
vn -0.050093 -0.380557 0.924016
vn 0.054451 -0.369809 0.926947
vn -0.001241 -0.488031 0.873210
vn -0.001241 -0.488031 0.873210
vn -0.054978 -0.369809 0.926947
vn 0.001691 -0.488031 0.873210
vn 0.001691 -0.488031 0.873210
vn -0.000264 -0.275037 -0.961670
vn -0.000264 -0.275037 -0.961670
vn -0.050093 -0.380557 -0.923566
vn 0.049565 -0.380557 -0.923566
vn -0.054978 -0.369809 -0.927474
vn 0.001691 -0.488031 -0.872760
vn 0.001691 -0.488031 -0.872760
vn 0.054451 -0.369809 -0.927474
vn -0.001241 -0.488031 -0.872760
vn -0.001241 -0.488031 -0.872760
vn -0.734020 -0.391304 -0.555222
vn -0.642179 -0.504641 -0.577694
vn -0.457518 -0.806546 0.373943
vn -0.518094 -0.621886 -0.587464
vn 0.463830 0.161700 0.871256
vn 0.382736 0.280899 0.880049
vn 0.400323 0.256473 0.880049
vn 0.463830 0.161700 0.871256
vn 0.158017 0.439179 0.883957
vn 0.152155 0.442110 0.883957
vn -0.224983 0.408891 0.884934
vn -0.227914 0.406937 0.884934
vn -0.455564 0.278945 0.845853
vn 0.400323 0.256473 -0.879599
vn 0.463830 0.161700 -0.870806
vn 0.463830 0.161700 -0.870806
vn 0.382736 0.280899 -0.880576
vn 0.158017 0.439179 -0.884484
vn 0.152155 0.442110 -0.884484
vn -0.224983 0.408891 -0.884484
vn -0.227914 0.406937 -0.884484
vn -0.455564 0.278945 -0.845403
vn -0.820000 0.572057 -0.000264
vn -0.820000 0.572057 -0.000264
vn -0.820000 0.572057 -0.000264
vn -0.820000 0.572057 -0.000264
vn -0.457518 -0.803615 -0.379355
vn -0.518094 -0.621886 0.587914
vn -0.642179 -0.504641 0.577167
vn -0.000264 -0.575965 0.817519
vn 0.641651 -0.504641 0.577167
vn 0.517567 -0.621886 0.587914
vn 0.517567 -0.621886 -0.587464
vn 0.641651 -0.504641 -0.577694
vn 0.801886 -0.432340 0.413024
vn 0.733493 -0.391304 -0.555222
vn -0.583556 0.311187 -0.750630
vn -0.486829 0.410845 -0.771148
vn -0.505393 0.392281 -0.768217
vn -0.583556 0.311187 -0.750630
vn -0.402804 0.483146 -0.777010
vn -0.402804 0.483146 -0.777010
vn -0.505393 0.392281 0.768667
vn -0.402804 0.483146 0.777460
vn -0.402804 0.483146 0.777460
vn -0.486829 0.410845 0.771598
vn -0.583556 0.311187 0.750103
vn -0.583556 0.311187 0.750103
vn 0.321183 -0.349292 -0.880576
vn 0.391529 -0.264289 -0.881553
vn 0.321183 -0.349292 -0.880576
vn 0.386644 -0.270151 -0.881553
vn 0.461876 -0.043478 -0.885461
vn 0.461876 -0.029800 -0.886438
vn 0.456014 0.148998 -0.877645
vn 0.456014 0.147044 -0.877645
vn 0.458945 0.146067 -0.876668
vn 0.462853 0.129458 -0.876668
vn 0.471647 0.083537 -0.877645
vn 0.391529 -0.264289 0.881026
vn 0.321183 -0.349292 0.880049
vn 0.321183 -0.349292 0.880049
vn 0.386644 -0.270151 0.882003
vn 0.461876 -0.043478 0.885911
vn 0.461876 -0.029800 0.885911
vn 0.456014 0.148998 0.877118
vn 0.456014 0.147044 0.878095
vn 0.458945 0.146067 0.876141
vn 0.462853 0.129458 0.877118
vn 0.471647 0.083537 0.878095
vn -0.420391 0.169516 -0.891324
vn -0.406712 0.172447 -0.897186
vn -0.406712 0.172447 -0.897186
vn -0.421368 0.091353 -0.902071
vn -0.421368 0.167562 -0.891324
vn -0.422345 0.087445 -0.902071
vn -0.451656 0.098192 -0.886438
vn -0.424299 -0.046409 -0.904025
vn -0.452633 0.095261 -0.886438
vn -0.423322 -0.054226 -0.904025
vn -0.466311 -0.021006 -0.884484
vn -0.420391 -0.136297 -0.897186
vn -0.466311 -0.021983 -0.884484
vn -0.421368 -0.137274 -0.896209
vn -0.436023 -0.172448 -0.882530
vn -0.449702 -0.087445 -0.888393
vn -0.433092 -0.181241 -0.882530
vn -0.451656 -0.081583 -0.888393
vn -0.409643 -0.218368 -0.885461
vn -0.437977 0.111871 -0.892301
vn -0.433092 0.129458 -0.892301
vn -0.388148 0.272106 -0.880576
vn -0.409643 -0.218368 -0.885461
vn -0.435046 -0.077675 -0.897186
vn -0.435046 -0.079629 -0.897186
vn -0.427230 0.092330 -0.899140
vn -0.425276 0.101124 -0.899140
vn -0.380332 0.212506 -0.900117
vn -0.378378 0.214460 -0.900117
vn -0.353952 0.249634 -0.901094
vn -0.420391 0.169516 0.891774
vn -0.406712 0.172447 0.897636
vn -0.421368 0.167562 0.891774
vn -0.406712 0.172447 0.897636
vn -0.451656 0.098192 0.886888
vn -0.421368 0.091353 0.902521
vn -0.452633 0.095261 0.886888
vn -0.422345 0.087445 0.902521
vn -0.466311 -0.021006 0.884934
vn -0.424299 -0.046409 0.904475
vn -0.466311 -0.021983 0.884934
vn -0.423322 -0.054226 0.904475
vn -0.436023 -0.172448 0.882980
vn -0.420391 -0.136297 0.896659
vn -0.433092 -0.181241 0.882980
vn -0.421368 -0.137274 0.896659
vn -0.409643 -0.218368 0.885911
vn -0.449702 -0.087445 0.888843
vn -0.409643 -0.218368 0.885911
vn -0.451656 -0.081583 0.888843
vn -0.435046 -0.077675 0.896659
vn -0.437977 0.111871 0.891774
vn -0.433092 0.129458 0.891774
vn -0.388148 0.272106 0.880049
vn -0.435046 -0.079629 0.896659
vn -0.427230 0.092330 0.899590
vn -0.425276 0.101124 0.899590
vn -0.380332 0.212506 0.900567
vn -0.378378 0.214460 0.900567
vn -0.353952 0.249634 0.901544
vn 0.397392 -0.207621 -0.894255
vn 0.422795 -0.176356 -0.889370
vn 0.421818 -0.177333 -0.889370
vn 0.466761 -0.041524 -0.883507
vn 0.397392 -0.206644 -0.894255
vn 0.467738 -0.039570 -0.883507
vn 0.414001 -0.136297 -0.900117
vn 0.456991 0.128481 -0.880576
vn 0.414978 -0.131412 -0.900117
vn 0.455037 0.134343 -0.880576
vn 0.429634 -0.037616 -0.902071
vn 0.421818 0.205667 -0.882530
vn 0.429634 -0.034685 -0.902071
vn 0.422795 0.206644 -0.882530
vn 0.422795 0.071812 -0.903048
vn 0.434519 0.123595 -0.892301
vn 0.422795 0.072789 -0.903048
vn 0.437450 0.113825 -0.892301
vn 0.426703 0.124573 -0.896209
vn 0.447221 -0.003420 -0.894255
vn 0.446244 -0.013190 -0.895232
vn 0.440381 -0.059111 -0.896209
vn 0.425726 0.125550 -0.896209
vn 0.457968 0.039570 -0.888393
vn 0.458945 0.034685 -0.887415
vn 0.440381 -0.135320 -0.887415
vn 0.436473 -0.145090 -0.887415
vn 0.310435 -0.347338 -0.884484
vn 0.315320 -0.342452 -0.885461
vn 0.210777 -0.447973 -0.868852
vn 0.397392 -0.207621 0.893728
vn 0.422795 -0.176356 0.888843
vn 0.397392 -0.206644 0.893728
vn 0.421818 -0.177333 0.888843
vn 0.414001 -0.136297 0.899590
vn 0.466761 -0.041524 0.882980
vn 0.414978 -0.131412 0.900567
vn 0.467738 -0.039570 0.882980
vn 0.429634 -0.037616 0.902521
vn 0.456991 0.128481 0.880049
vn 0.429634 -0.034685 0.902521
vn 0.455037 0.134343 0.880049
vn 0.422795 0.071812 0.903498
vn 0.421818 0.205667 0.882980
vn 0.422795 0.072789 0.903498
vn 0.422795 0.206644 0.882003
vn 0.426703 0.124573 0.895682
vn 0.434519 0.123595 0.891774
vn 0.425726 0.125550 0.896659
vn 0.437450 0.113825 0.891774
vn 0.457968 0.039570 0.887865
vn 0.447221 -0.003420 0.894705
vn 0.446244 -0.013190 0.894705
vn 0.440381 -0.059111 0.895682
vn 0.458945 0.034685 0.887865
vn 0.440381 -0.135320 0.887865
vn 0.436473 -0.145090 0.887865
vn 0.310435 -0.347338 0.884934
vn 0.315320 -0.342452 0.884934
vn 0.210777 -0.447973 0.868325
vn -0.660742 0.750855 -0.000264
vn -0.660742 0.750855 -0.000264
vn -0.660742 0.750855 -0.000264
vn -0.660742 0.750855 -0.000264
vn -0.319755 0.279922 -0.905002
vn -0.367630 0.222276 -0.903048
vn -0.319755 0.279922 -0.905002
vn -0.362745 0.229116 -0.903048
vn -0.419414 0.063019 -0.905979
vn -0.420391 0.052272 -0.905979
vn -0.422345 -0.083537 -0.902071
vn -0.422345 -0.080606 -0.903048
vn -0.419414 -0.009282 -0.907933
vn -0.419414 0.012213 -0.907933
vn -0.412574 0.122618 -0.902071
vn -0.367630 0.222276 0.902521
vn -0.319755 0.279922 0.905452
vn -0.319755 0.279922 0.905452
vn -0.362745 0.229116 0.903498
vn -0.419414 0.063019 0.905452
vn -0.420391 0.052272 0.906429
vn -0.422345 -0.083537 0.902521
vn -0.422345 -0.080606 0.902521
vn -0.419414 -0.009282 0.907406
vn -0.419414 0.012213 0.908383
vn -0.412574 0.122618 0.902521
vn 0.820450 0.572057 -0.000264
vn 0.820450 0.572057 -0.000264
vn 0.820450 0.572057 -0.000264
vn 0.820450 0.572057 -0.000264
vn 0.583029 0.311187 0.750103
vn 0.583029 0.311187 0.750103
vn 0.505843 0.392281 0.768667
vn 0.486302 0.410845 0.771598
vn 0.403254 0.483146 0.777460
vn 0.403254 0.483146 0.777460
vn 0.505843 0.392281 -0.768217
vn 0.403254 0.483146 -0.777010
vn 0.403254 0.483146 -0.777010
vn 0.486302 0.410845 -0.771148
vn 0.583029 0.311187 -0.750630
vn 0.583029 0.311187 -0.750630
vn -0.000264 0.447973 -0.894255
vn -0.068656 0.349292 -0.934313
vn -0.041299 0.389350 -0.919658
vn -0.000264 0.447973 -0.894255
vn -0.000264 0.298486 -0.954831
vn -0.000264 0.298486 -0.954831
vn 0.069106 0.349292 -0.934313
vn 0.040772 0.389350 -0.919658
vn -0.000264 0.447973 -0.894255
vn -0.000264 0.447973 -0.894255
vn 0.040772 0.389350 0.920108
vn -0.000264 0.447973 0.893728
vn -0.000264 0.447973 0.893728
vn 0.069106 0.349292 0.934763
vn -0.000264 0.298486 0.954304
vn -0.000264 0.298486 0.954304
vn -0.068656 0.349292 0.934763
vn -0.041299 0.389350 0.920108
vn -0.000264 0.447973 0.893728
vn -0.000264 0.447973 0.893728
vn -0.230845 0.462628 0.856600
vn -0.034460 0.572057 0.819473
vn -0.134118 0.520274 0.843899
vn -0.034460 0.572057 0.819473
vn -0.000264 0.418661 0.908383
vn -0.000264 0.418661 0.908383
vn 0.231295 0.462628 0.856600
vn 0.133591 0.520274 0.843899
vn 0.033933 0.572057 0.819473
vn 0.033933 0.572057 0.819473
vn 0.033933 0.572057 -0.820000
vn 0.133591 0.520274 -0.843449
vn 0.231295 0.462628 -0.856150
vn 0.033933 0.572057 -0.820000
vn -0.000264 0.418661 -0.907933
vn -0.000264 0.418661 -0.907933
vn -0.230845 0.462628 -0.856150
vn -0.134118 0.520274 -0.843449
vn -0.034460 0.572057 -0.820000
vn -0.034460 0.572057 -0.820000
vn 0.661192 0.750855 -0.000264
vn 0.661192 0.750855 -0.000264
vn 0.661192 0.750855 -0.000264
vn 0.661192 0.750855 -0.000264
vn -0.546429 0.425501 0.721769
vn -0.437000 0.524182 0.730562
vn -0.437000 0.524182 0.730562
vn -0.527865 0.444064 0.724700
vn -0.628500 0.335613 0.701251
vn -0.628500 0.335613 0.701251
vn 0.436473 0.524182 -0.731089
vn 0.527338 0.444064 -0.724250
vn 0.546879 0.425501 -0.721319
vn 0.436473 0.524182 -0.731089
vn -0.000264 0.431363 -0.902071
vn -0.000264 0.431363 -0.902071
vn -0.546429 0.425501 -0.721319
vn -0.527865 0.444064 -0.724250
vn -0.437000 0.524182 -0.731089
vn -0.437000 0.524182 -0.731089
vn -0.441885 0.897411 -0.000264
vn -0.131187 0.991207 -0.000264
vn -0.131187 0.991207 -0.000264
vn -0.441885 0.897411 -0.000264
vn -0.706663 0.707865 -0.000264
vn -0.706663 0.707865 -0.000264
vn 0.628950 0.335613 0.701251
vn 0.527338 0.444064 0.724700
vn 0.546879 0.425501 0.721769
vn 0.628950 0.335613 0.701251
vn 0.436473 0.524182 0.730562
vn 0.436473 0.524182 0.730562
vn 0.391529 -0.264289 0.881026
vn 0.321183 -0.349292 0.880049
vn 0.386644 -0.270151 0.882003
vn 0.321183 -0.349292 0.880049
vn 0.461876 -0.043478 0.885911
vn 0.461876 -0.029800 0.885911
vn 0.456014 0.148998 0.877118
vn 0.456014 0.147044 0.878095
vn 0.458945 0.146067 0.876141
vn 0.462853 0.129458 0.877118
vn 0.471647 0.083537 0.878095
vn 0.321183 -0.349292 -0.880576
vn 0.391529 -0.264289 -0.881553
vn 0.386644 -0.270151 -0.881553
vn 0.321183 -0.349292 -0.880576
vn 0.461876 -0.043478 -0.885461
vn 0.461876 -0.029800 -0.886438
vn 0.456014 0.148998 -0.877645
vn 0.456014 0.147044 -0.877645
vn 0.458945 0.146067 -0.876668
vn 0.462853 0.129458 -0.876668
vn 0.471647 0.083537 -0.877645
vn -0.406712 0.172447 0.897636
vn -0.421368 0.167562 0.891774
vn -0.420391 0.169516 0.891774
vn -0.451656 0.098192 0.886888
vn -0.406712 0.172447 0.897636
vn -0.452633 0.095261 0.886888
vn -0.421368 0.091353 0.902521
vn -0.466311 -0.021006 0.884934
vn -0.422345 0.087445 0.902521
vn -0.466311 -0.021983 0.884934
vn -0.424299 -0.046409 0.904475
vn -0.436023 -0.172448 0.882980
vn -0.423322 -0.054226 0.904475
vn -0.433092 -0.181241 0.882980
vn -0.420391 -0.136297 0.896659
vn -0.409643 -0.218368 0.885911
vn -0.421368 -0.137274 0.896659
vn -0.409643 -0.218368 0.885911
vn -0.449702 -0.087445 0.888843
vn -0.435046 -0.077675 0.896659
vn -0.451656 -0.081583 0.888843
vn -0.435046 -0.079629 0.896659
vn -0.437977 0.111871 0.891774
vn -0.433092 0.129458 0.891774
vn -0.388148 0.272106 0.880049
vn -0.427230 0.092330 0.899590
vn -0.425276 0.101124 0.899590
vn -0.380332 0.212506 0.900567
vn -0.378378 0.214460 0.900567
vn -0.353952 0.249634 0.901544
vn -0.406712 0.172447 -0.897186
vn -0.420391 0.169516 -0.891324
vn -0.406712 0.172447 -0.897186
vn -0.421368 0.167562 -0.891324
vn -0.421368 0.091353 -0.902071
vn -0.451656 0.098192 -0.886438
vn -0.422345 0.087445 -0.902071
vn -0.452633 0.095261 -0.886438
vn -0.424299 -0.046409 -0.904025
vn -0.466311 -0.021006 -0.884484
vn -0.423322 -0.054226 -0.904025
vn -0.466311 -0.021983 -0.884484
vn -0.420391 -0.136297 -0.897186
vn -0.436023 -0.172448 -0.882530
vn -0.421368 -0.137274 -0.896209
vn -0.433092 -0.181241 -0.882530
vn -0.449702 -0.087445 -0.888393
vn -0.409643 -0.218368 -0.885461
vn -0.451656 -0.081583 -0.888393
vn -0.409643 -0.218368 -0.885461
vn -0.437977 0.111871 -0.892301
vn -0.433092 0.129458 -0.892301
vn -0.388148 0.272106 -0.880576
vn -0.435046 -0.077675 -0.897186
vn -0.435046 -0.079629 -0.897186
vn -0.427230 0.092330 -0.899140
vn -0.425276 0.101124 -0.899140
vn -0.380332 0.212506 -0.900117
vn -0.378378 0.214460 -0.900117
vn -0.353952 0.249634 -0.901094
vn 0.422795 -0.176356 0.888843
vn 0.397392 -0.206644 0.893728
vn 0.397392 -0.207621 0.893728
vn 0.414001 -0.136297 0.899590
vn 0.421818 -0.177333 0.888843
vn 0.414978 -0.131412 0.900567
vn 0.466761 -0.041524 0.882980
vn 0.429634 -0.037616 0.902521
vn 0.467738 -0.039570 0.882980
vn 0.429634 -0.034685 0.902521
vn 0.456991 0.128481 0.880049
vn 0.422795 0.071812 0.903498
vn 0.455037 0.134343 0.880049
vn 0.422795 0.072789 0.903498
vn 0.421818 0.205667 0.882980
vn 0.426703 0.124573 0.895682
vn 0.422795 0.206644 0.882003
vn 0.425726 0.125550 0.896659
vn 0.434519 0.123595 0.891774
vn 0.457968 0.039570 0.887865
vn 0.437450 0.113825 0.891774
vn 0.458945 0.034685 0.887865
vn 0.447221 -0.003420 0.894705
vn 0.446244 -0.013190 0.894705
vn 0.440381 -0.059111 0.895682
vn 0.440381 -0.135320 0.887865
vn 0.436473 -0.145090 0.887865
vn 0.310435 -0.347338 0.884934
vn 0.315320 -0.342452 0.884934
vn 0.210777 -0.447973 0.868325
vn 0.421818 -0.177333 -0.889370
vn 0.397392 -0.207621 -0.894255
vn 0.422795 -0.176356 -0.889370
vn 0.397392 -0.206644 -0.894255
vn 0.466761 -0.041524 -0.883507
vn 0.414001 -0.136297 -0.900117
vn 0.467738 -0.039570 -0.883507
vn 0.414978 -0.131412 -0.900117
vn 0.456991 0.128481 -0.880576
vn 0.429634 -0.037616 -0.902071
vn 0.455037 0.134343 -0.880576
vn 0.429634 -0.034685 -0.902071
vn 0.421818 0.205667 -0.882530
vn 0.422795 0.071812 -0.903048
vn 0.422795 0.206644 -0.882530
vn 0.422795 0.072789 -0.903048
vn 0.434519 0.123595 -0.892301
vn 0.426703 0.124573 -0.896209
vn 0.437450 0.113825 -0.892301
vn 0.425726 0.125550 -0.896209
vn 0.447221 -0.003420 -0.894255
vn 0.446244 -0.013190 -0.895232
vn 0.440381 -0.059111 -0.896209
vn 0.457968 0.039570 -0.888393
vn 0.458945 0.034685 -0.887415
vn 0.440381 -0.135320 -0.887415
vn 0.436473 -0.145090 -0.887415
vn 0.310435 -0.347338 -0.884484
vn 0.315320 -0.342452 -0.885461
vn 0.210777 -0.447973 -0.868852
vn 0.130660 0.991207 -0.000264
vn 0.442335 0.897411 -0.000264
vn 0.442335 0.897411 -0.000264
vn 0.130660 0.991207 -0.000264
vn 0.706136 0.707865 -0.000264
vn 0.706136 0.707865 -0.000264
vn -0.367630 0.222276 0.902521
vn -0.319755 0.279922 0.905452
vn -0.362745 0.229116 0.903498
vn -0.319755 0.279922 0.905452
vn -0.419414 0.063019 0.905452
vn -0.420391 0.052272 0.906429
vn -0.422345 -0.083537 0.902521
vn -0.422345 -0.080606 0.902521
vn -0.419414 -0.009282 0.907406
vn -0.419414 0.012213 0.908383
vn -0.412574 0.122618 0.902521
vn -0.319755 0.279922 -0.905002
vn -0.367630 0.222276 -0.903048
vn -0.362745 0.229116 -0.903048
vn -0.319755 0.279922 -0.905002
vn -0.419414 0.063019 -0.905979
vn -0.420391 0.052272 -0.905979
vn -0.422345 -0.083537 -0.902071
vn -0.422345 -0.080606 -0.903048
vn -0.419414 -0.009282 -0.907933
vn -0.419414 0.012213 -0.907933
vn -0.412574 0.122618 -0.902071
vn -0.468265 0.798730 -0.378378
vn -0.734020 0.391304 0.554695
vn -0.642179 0.504641 0.577167
vn -0.518094 0.621886 0.587914
vn -0.518094 0.621886 -0.587464
vn -0.642179 0.504641 -0.577694
vn -0.801436 0.432340 0.413024
vn -0.734020 0.391304 -0.555222
vn -0.378378 -0.211529 -0.901094
vn -0.433092 -0.122618 -0.892301
vn -0.433092 -0.122618 -0.892301
vn -0.359814 -0.238886 -0.902071
vn -0.159521 -0.391304 -0.905979
vn -0.150728 -0.395213 -0.905979
vn 0.057382 -0.433317 -0.899140
vn 0.069106 -0.429409 -0.900117
vn 0.138476 -0.404983 -0.904025
vn -0.433092 -0.122618 0.892751
vn -0.378378 -0.211529 0.901544
vn -0.433092 -0.122618 0.892751
vn -0.359814 -0.238886 0.901544
vn -0.159521 -0.391304 0.906429
vn -0.150728 -0.395213 0.906429
vn 0.057382 -0.433317 0.899590
vn 0.069106 -0.429409 0.900567
vn 0.138476 -0.404983 0.903498
vn 0.457968 0.806546 0.373943
vn 0.733493 0.391304 -0.555222
vn 0.641651 0.504641 -0.577694
vn 0.517567 0.621886 -0.587464
vn 0.517567 0.621886 0.587914
vn 0.641651 0.504641 0.577167
vn 0.794070 0.443087 -0.415505
vn 0.733493 0.391304 0.554695
vn -0.000264 1.000000 -0.000264
vn 0.323137 0.946263 -0.000264
vn 0.323137 0.946263 -0.000264
vn -0.000264 1.000000 -0.000264
vn -0.000264 1.000000 -0.000264
vn -0.000264 1.000000 -0.000264
vn -0.323664 0.946263 -0.000264
vn -0.323664 0.946263 -0.000264
vn -0.000264 1.000000 -0.000264
vn -0.000264 1.000000 -0.000264
vn -0.433092 -0.122618 0.892751
vn -0.359814 -0.238886 0.901544
vn -0.378378 -0.211529 0.901544
vn -0.433092 -0.122618 0.892751
vn -0.159521 -0.391304 0.906429
vn -0.150728 -0.395213 0.906429
vn 0.057382 -0.433317 0.899590
vn 0.069106 -0.429409 0.900567
vn 0.138476 -0.404983 0.903498
vn -0.378378 -0.211529 -0.901094
vn -0.433092 -0.122618 -0.892301
vn -0.433092 -0.122618 -0.892301
vn -0.359814 -0.238886 -0.902071
vn -0.159521 -0.391304 -0.905979
vn -0.150728 -0.395213 -0.905979
vn 0.057382 -0.433317 -0.899140
vn 0.069106 -0.429409 -0.900117
vn 0.138476 -0.404983 -0.904025
vn -0.000264 0.675623 0.736424
vn 0.521476 0.675623 0.521476
vn 0.521476 0.675623 0.521476
vn 0.736424 0.675623 -0.000264
vn -0.000264 0.675623 0.736424
vn 0.736424 0.675623 -0.000264
vn -0.521026 0.675623 0.521476
vn 0.521476 0.675623 -0.521026
vn -0.521026 0.675623 0.521476
vn 0.521476 0.675623 -0.521026
vn -0.736951 0.675623 -0.000264
vn -0.000264 0.675623 -0.736951
vn -0.736951 0.675623 -0.000264
vn -0.000264 0.675623 -0.736951
vn -0.521026 0.675623 -0.521026
vn -0.521026 0.675623 -0.521026
vn 0.818496 0.574011 -0.000264
vn 0.579121 0.574011 0.579121
vn 0.579121 0.574011 0.579121
vn -0.000264 0.574011 0.818496
vn 0.818496 0.574011 -0.000264
vn -0.000264 0.574011 0.818496
vn 0.579121 0.574011 -0.578671
vn -0.578671 0.574011 0.579121
vn 0.579121 0.574011 -0.578671
vn -0.578671 0.574011 0.579121
vn -0.000264 0.574011 -0.819023
vn -0.819023 0.574011 -0.000264
vn -0.000264 0.574011 -0.819023
vn -0.819023 0.574011 -0.000264
vn -0.578671 0.574011 -0.578671
vn -0.578671 0.574011 -0.578671
vt 0.000000 0.000000 0.0
vt 0.000000 0.000000 0.0
vt 0.000000 0.000000 0.0
vt 0.000000 0.000000 0.0
vt 0.000000 0.000000 0.0
vt 0.000000 0.000000 0.0
vt 0.000000 0.000000 0.0
vt 0.000000 0.000000 0.0
vt 0.000000 0.000000 0.0
vt 0.000000 0.000000 0.0
vt 0.000000 0.000000 0.0
vt 0.000000 0.000000 0.0
vt 0.000000 0.000000 0.0
vt 0.000000 0.000000 0.0
vt 0.000000 0.000000 0.0
vt 0.000000 0.000000 0.0
vt 0.000000 0.000000 0.0
vt 0.000000 0.000000 0.0
vt 0.000000 0.000000 0.0
vt 0.000000 0.000000 0.0
vt 0.000000 0.000000 0.0
vt 0.000000 0.000000 0.0
vt 0.000000 0.000000 0.0
vt 0.000000 0.000000 0.0
vt 0.000000 0.000000 0.0
vt 0.000000 0.000000 0.0
vt 0.000000 0.000000 0.0
vt 0.000000 0.000000 0.0
vt 0.000000 0.000000 0.0
vt 0.000000 0.000000 0.0
vt 0.000000 0.000000 0.0
vt 0.000000 0.000000 0.0
vt 0.000000 0.000000 0.0
vt 0.000000 0.000000 0.0
vt 0.000000 0.000000 0.0
vt 0.000000 0.000000 0.0
vt 0.000000 0.000000 0.0
vt 0.000000 0.000000 0.0
vt 0.000000 0.000000 0.0
vt 0.000000 0.000000 0.0
vt 0.000000 0.000000 0.0
vt 0.000000 0.000000 0.0
vt 0.000000 0.000000 0.0
vt 0.000000 0.000000 0.0
vt 0.000000 0.000000 0.0
vt 0.000000 0.000000 0.0
vt 0.000000 0.000000 0.0
vt 0.000000 0.000000 0.0
vt 0.000000 0.000000 0.0
vt 0.000000 0.000000 0.0
vt 0.000000 0.000000 0.0
vt 0.000000 0.000000 0.0
vt 0.000000 0.000000 0.0
vt 0.000000 0.000000 0.0
vt 0.000000 0.000000 0.0
vt 0.000000 0.000000 0.0
vt 0.000000 0.000000 0.0
vt 0.000000 0.000000 0.0
vt 0.000000 0.000000 0.0
vt 0.000000 0.000000 0.0
vt 0.000000 0.000000 0.0
vt 0.000000 0.000000 0.0
vt 0.000000 0.000000 0.0
vt 0.000000 0.000000 0.0
vt 0.000000 0.000000 0.0
vt 0.000000 0.000000 0.0
vt 0.000000 0.000000 0.0
vt 0.000000 0.000000 0.0
vt 0.000000 0.000000 0.0
vt 0.000000 0.000000 0.0
vt 0.000000 0.000000 0.0
vt 0.000000 0.000000 0.0
vt 0.000000 0.000000 0.0
vt 0.000000 0.000000 0.0
vt 0.000000 0.000000 0.0
vt 0.000000 0.000000 0.0
vt 0.000000 0.000000 0.0
vt 0.000000 0.000000 0.0
vt 0.000000 0.000000 0.0
vt 0.000000 0.000000 0.0
vt 0.000000 0.000000 0.0
vt 0.000000 0.000000 0.0
vt 0.000000 0.000000 0.0
vt 0.000000 0.000000 0.0
vt 0.000000 0.000000 0.0
vt 0.000000 0.000000 0.0
vt 0.000000 0.000000 0.0
vt 0.000000 0.000000 0.0
vt 0.000000 0.000000 0.0
vt 0.000000 0.000000 0.0
vt 0.000000 0.000000 0.0
vt 0.000000 0.000000 0.0
vt 0.000000 0.000000 0.0
vt 0.000000 0.000000 0.0
vt 0.000000 0.000000 0.0
vt 0.000000 0.000000 0.0
vt 0.000000 0.000000 0.0
vt 0.000000 0.000000 0.0
vt 0.000000 0.000000 0.0
vt 0.000000 0.000000 0.0
vt 0.000000 0.000000 0.0
vt 0.000000 0.000000 0.0
vt 0.000000 0.000000 0.0
vt 0.000000 0.000000 0.0
vt 0.000000 0.000000 0.0
vt 0.000000 0.000000 0.0
vt 0.000000 0.000000 0.0
vt 0.000000 0.000000 0.0
vt 0.000000 0.000000 0.0
vt 0.000000 0.000000 0.0
vt 0.000000 0.000000 0.0
vt 0.000000 0.000000 0.0
vt 0.000000 0.000000 0.0
vt 0.000000 0.000000 0.0
vt 0.000000 0.000000 0.0
vt 0.000000 0.000000 0.0
vt 0.000000 0.000000 0.0
vt 0.000000 0.000000 0.0
vt 0.000000 0.000000 0.0
vt 0.000000 0.000000 0.0
vt 0.000000 0.000000 0.0
vt 0.000000 0.000000 0.0
vt 0.000000 0.000000 0.0
vt 0.000000 0.000000 0.0
vt 0.000000 0.000000 0.0
vt 0.000000 0.000000 0.0
vt 0.000000 0.000000 0.0
vt 0.000000 0.000000 0.0
vt 0.000000 0.000000 0.0
vt 0.000000 0.000000 0.0
vt 0.000000 0.000000 0.0
vt 0.000000 0.000000 0.0
vt 0.000000 0.000000 0.0
vt 0.000000 0.000000 0.0
vt 0.000000 0.000000 0.0
vt 0.000000 0.000000 0.0
vt 0.000000 0.000000 0.0
vt 0.000000 0.000000 0.0
vt 0.000000 0.000000 0.0
vt 0.000000 0.000000 0.0
vt 0.000000 0.000000 0.0
vt 0.000000 0.000000 0.0
vt 0.000000 0.000000 0.0
vt 0.000000 0.000000 0.0
vt 0.000000 0.000000 0.0
vt 0.000000 0.000000 0.0
vt 0.000000 0.000000 0.0
vt 0.000000 0.000000 0.0
vt 0.000000 0.000000 0.0
vt 0.000000 0.000000 0.0
vt 0.000000 0.000000 0.0
vt 0.000000 0.000000 0.0
vt 0.000000 0.000000 0.0
vt 0.000000 0.000000 0.0
vt 0.000000 0.000000 0.0
vt 0.000000 0.000000 0.0
vt 0.000000 0.000000 0.0
vt 0.000000 0.000000 0.0
vt 0.000000 0.000000 0.0
vt 0.000000 0.000000 0.0
vt 0.000000 0.000000 0.0
vt 0.000000 0.000000 0.0
vt 0.000000 0.000000 0.0
vt 0.000000 0.000000 0.0
vt 0.000000 0.000000 0.0
vt 0.000000 0.000000 0.0
vt 0.000000 0.000000 0.0
vt 0.000000 0.000000 0.0
vt 0.000000 0.000000 0.0
vt 0.000000 0.000000 0.0
vt 0.000000 0.000000 0.0
vt 0.000000 0.000000 0.0
vt 0.000000 0.000000 0.0
vt 0.000000 0.000000 0.0
vt 0.000000 0.000000 0.0
vt 0.000000 0.000000 0.0
vt 0.000000 0.000000 0.0
vt 0.000000 0.000000 0.0
vt 0.000000 0.000000 0.0
vt 0.000000 0.000000 0.0
vt 0.000000 0.000000 0.0
vt 0.000000 0.000000 0.0
vt 0.000000 0.000000 0.0
vt 0.000000 0.000000 0.0
vt 0.000000 0.000000 0.0
vt 0.000000 0.000000 0.0
vt 0.000000 0.000000 0.0
vt 0.000000 0.000000 0.0
vt 0.000000 0.000000 0.0
vt 0.000000 0.000000 0.0
vt 0.000000 0.000000 0.0
vt 0.000000 0.000000 0.0
vt 0.000000 0.000000 0.0
vt 0.000000 0.000000 0.0
vt 0.000000 0.000000 0.0
vt 0.000000 0.000000 0.0
vt 0.000000 0.000000 0.0
vt 0.000000 0.000000 0.0
vt 0.000000 0.000000 0.0
vt 0.000000 0.000000 0.0
vt 0.000000 0.000000 0.0
vt 0.000000 0.000000 0.0
vt 0.000000 0.000000 0.0
vt 0.000000 0.000000 0.0
vt 0.000000 0.000000 0.0
vt 0.000000 0.000000 0.0
vt 0.000000 0.000000 0.0
vt 0.000000 0.000000 0.0
vt 0.000000 0.000000 0.0
vt 0.000000 0.000000 0.0
vt 0.000000 0.000000 0.0
vt 0.000000 0.000000 0.0
vt 0.000000 0.000000 0.0
vt 0.000000 0.000000 0.0
vt 0.000000 0.000000 0.0
vt 0.000000 0.000000 0.0
vt 0.000000 0.000000 0.0
vt 0.000000 0.000000 0.0
vt 0.000000 0.000000 0.0
vt 0.000000 0.000000 0.0
vt 0.000000 0.000000 0.0
vt 0.000000 0.000000 0.0
vt 0.000000 0.000000 0.0
vt 0.000000 0.000000 0.0
vt 0.000000 0.000000 0.0
vt 0.000000 0.000000 0.0
vt 0.000000 0.000000 0.0
vt 0.000000 0.000000 0.0
vt 0.000000 0.000000 0.0
vt 0.000000 0.000000 0.0
vt 0.000000 0.000000 0.0
vt 0.000000 0.000000 0.0
vt 0.000000 0.000000 0.0
vt 0.000000 0.000000 0.0
vt 0.000000 0.000000 0.0
vt 0.000000 0.000000 0.0
vt 0.000000 0.000000 0.0
vt 0.000000 0.000000 0.0
vt 0.000000 0.000000 0.0
vt 0.000000 0.000000 0.0
vt 0.000000 0.000000 0.0
vt 0.000000 0.000000 0.0
vt 0.000000 0.000000 0.0
vt 0.000000 0.000000 0.0
vt 0.000000 0.000000 0.0
vt 0.000000 0.000000 0.0
vt 0.000000 0.000000 0.0
vt 0.000000 0.000000 0.0
vt 0.000000 0.000000 0.0
vt 0.000000 0.000000 0.0
vt 0.000000 0.000000 0.0
vt 0.000000 0.000000 0.0
vt 0.000000 0.000000 0.0
vt 0.000000 0.000000 0.0
vt 0.000000 0.000000 0.0
vt 0.000000 0.000000 0.0
vt 0.000000 0.000000 0.0
vt 0.000000 0.000000 0.0
vt 0.000000 0.000000 0.0
vt 0.000000 0.000000 0.0
vt 0.000000 0.000000 0.0
vt 0.000000 0.000000 0.0
vt 0.000000 0.000000 0.0
vt 0.000000 0.000000 0.0
vt 0.000000 0.000000 0.0
vt 0.000000 0.000000 0.0
vt 0.000000 0.000000 0.0
vt 0.000000 0.000000 0.0
vt 0.000000 0.000000 0.0
vt 0.000000 0.000000 0.0
vt 0.000000 0.000000 0.0
vt 0.000000 0.000000 0.0
vt 0.000000 0.000000 0.0
vt 0.000000 0.000000 0.0
vt 0.000000 0.000000 0.0
vt 0.000000 0.000000 0.0
vt 0.000000 0.000000 0.0
vt 0.000000 0.000000 0.0
vt 0.000000 0.000000 0.0
vt 0.000000 0.000000 0.0
vt 0.000000 0.000000 0.0
vt 0.000000 0.000000 0.0
vt 0.000000 0.000000 0.0
vt 0.000000 0.000000 0.0
vt 0.000000 0.000000 0.0
vt 0.000000 0.000000 0.0
vt 0.000000 0.000000 0.0
vt 0.000000 0.000000 0.0
vt 0.000000 0.000000 0.0
vt 0.000000 0.000000 0.0
vt 0.000000 0.000000 0.0
vt 0.000000 0.000000 0.0
vt 0.000000 0.000000 0.0
vt 0.000000 0.000000 0.0
vt 0.000000 0.000000 0.0
vt 0.000000 0.000000 0.0
vt 0.000000 0.000000 0.0
vt 0.000000 0.000000 0.0
vt 0.000000 0.000000 0.0
vt 0.000000 0.000000 0.0
vt 0.000000 0.000000 0.0
vt 0.000000 0.000000 0.0
vt 0.000000 0.000000 0.0
vt 0.000000 0.000000 0.0
vt 0.000000 0.000000 0.0
vt 0.000000 0.000000 0.0
vt 0.000000 0.000000 0.0
vt 0.000000 0.000000 0.0
vt 0.000000 0.000000 0.0
vt 0.000000 0.000000 0.0
vt 0.000000 0.000000 0.0
vt 0.000000 0.000000 0.0
vt 0.000000 0.000000 0.0
vt 0.000000 0.000000 0.0
vt 0.000000 0.000000 0.0
vt 0.000000 0.000000 0.0
vt 0.000000 0.000000 0.0
vt 0.000000 0.000000 0.0
vt 0.000000 0.000000 0.0
vt 0.000000 0.000000 0.0
vt 0.000000 0.000000 0.0
vt 0.000000 0.000000 0.0
vt 0.000000 0.000000 0.0
vt 0.000000 0.000000 0.0
vt 0.000000 0.000000 0.0
vt 0.000000 0.000000 0.0
vt 0.000000 0.000000 0.0
vt 0.000000 0.000000 0.0
vt 0.000000 0.000000 0.0
vt 0.000000 0.000000 0.0
vt 0.000000 0.000000 0.0
vt 0.000000 0.000000 0.0
vt 0.000000 0.000000 0.0
vt 0.000000 0.000000 0.0
vt 0.000000 0.000000 0.0
vt 0.000000 0.000000 0.0
vt 0.000000 0.000000 0.0
vt 0.000000 0.000000 0.0
vt 0.000000 0.000000 0.0
vt 0.000000 0.000000 0.0
vt 0.000000 0.000000 0.0
vt 0.000000 0.000000 0.0
vt 0.000000 0.000000 0.0
vt 0.000000 0.000000 0.0
vt 0.000000 0.000000 0.0
vt 0.000000 0.000000 0.0
vt 0.000000 0.000000 0.0
vt 0.000000 0.000000 0.0
vt 0.000000 0.000000 0.0
vt 0.000000 0.000000 0.0
vt 0.000000 0.000000 0.0
vt 0.000000 0.000000 0.0
vt 0.000000 0.000000 0.0
vt 0.000000 0.000000 0.0
vt 0.000000 0.000000 0.0
vt 0.000000 0.000000 0.0
vt 0.000000 0.000000 0.0
vt 0.000000 0.000000 0.0
vt 0.000000 0.000000 0.0
vt 0.000000 0.000000 0.0
vt 0.000000 0.000000 0.0
vt 0.000000 0.000000 0.0
vt 0.000000 0.000000 0.0
vt 0.000000 0.000000 0.0
vt 0.000000 0.000000 0.0
vt 0.000000 0.000000 0.0
vt 0.000000 0.000000 0.0
vt 0.000000 0.000000 0.0
vt 0.000000 0.000000 0.0
vt 0.000000 0.000000 0.0
vt 0.000000 0.000000 0.0
vt 0.000000 0.000000 0.0
vt 0.000000 0.000000 0.0
vt 0.000000 0.000000 0.0
vt 0.000000 0.000000 0.0
vt 0.000000 0.000000 0.0
vt 0.000000 0.000000 0.0
vt 0.000000 0.000000 0.0
vt 0.000000 0.000000 0.0
vt 0.000000 0.000000 0.0
vt 0.000000 0.000000 0.0
vt 0.000000 0.000000 0.0
vt 0.000000 0.000000 0.0
vt 0.000000 0.000000 0.0
vt 0.000000 0.000000 0.0
vt 0.000000 0.000000 0.0
vt 0.000000 0.000000 0.0
vt 0.000000 0.000000 0.0
vt 0.000000 0.000000 0.0
vt 0.000000 0.000000 0.0
vt 0.000000 0.000000 0.0
vt 0.000000 0.000000 0.0
vt 0.000000 0.000000 0.0
vt 0.000000 0.000000 0.0
vt 0.000000 0.000000 0.0
vt 0.000000 0.000000 0.0
vt 0.000000 0.000000 0.0
vt 0.000000 0.000000 0.0
vt 0.000000 0.000000 0.0
vt 0.000000 0.000000 0.0
vt 0.000000 0.000000 0.0
vt 0.000000 0.000000 0.0
vt 0.000000 0.000000 0.0
vt 0.000000 0.000000 0.0
vt 0.000000 0.000000 0.0
vt 0.000000 0.000000 0.0
vt 0.000000 0.000000 0.0
vt 0.000000 0.000000 0.0
vt 0.000000 0.000000 0.0
vt 0.000000 0.000000 0.0
vt 0.000000 0.000000 0.0
vt 0.000000 0.000000 0.0
vt 0.000000 0.000000 0.0
vt 0.000000 0.000000 0.0
vt 0.000000 0.000000 0.0
vt 0.000000 0.000000 0.0
vt 0.000000 0.000000 0.0
vt 0.000000 0.000000 0.0
vt 0.000000 0.000000 0.0
vt 0.000000 0.000000 0.0
vt 0.000000 0.000000 0.0
vt 0.000000 0.000000 0.0
vt 0.000000 0.000000 0.0
vt 0.000000 0.000000 0.0
vt 0.000000 0.000000 0.0
vt 0.000000 0.000000 0.0
vt 0.000000 0.000000 0.0
vt 0.000000 0.000000 0.0
vt 0.000000 0.000000 0.0
vt 0.000000 0.000000 0.0
vt 0.000000 0.000000 0.0
vt 0.000000 0.000000 0.0
vt 0.000000 0.000000 0.0
vt 0.000000 0.000000 0.0
vt 0.000000 0.000000 0.0
vt 0.000000 0.000000 0.0
vt 0.000000 0.000000 0.0
vt 0.000000 0.000000 0.0
vt 0.000000 0.000000 0.0
vt 0.000000 0.000000 0.0
vt 0.000000 0.000000 0.0
vt 0.000000 0.000000 0.0
vt 0.000000 0.000000 0.0
vt 0.000000 0.000000 0.0
vt 0.000000 0.000000 0.0
vt 0.000000 0.000000 0.0
vt 0.000000 0.000000 0.0
vt 0.000000 0.000000 0.0
vt 0.000000 0.000000 0.0
vt 0.000000 0.000000 0.0
vt 0.000000 0.000000 0.0
vt 0.000000 0.000000 0.0
vt 0.000000 0.000000 0.0
vt 0.000000 0.000000 0.0
vt 0.000000 0.000000 0.0
vt 0.000000 0.000000 0.0
vt 0.000000 0.000000 0.0
vt 0.000000 0.000000 0.0
vt 0.000000 0.000000 0.0
vt 0.000000 0.000000 0.0
vt 0.000000 0.000000 0.0
vt 0.000000 0.000000 0.0
vt 0.000000 0.000000 0.0
vt 0.000000 0.000000 0.0
vt 0.000000 0.000000 0.0
vt 0.000000 0.000000 0.0
vt 0.000000 0.000000 0.0
vt 0.000000 0.000000 0.0
vt 0.000000 0.000000 0.0
vt 0.000000 0.000000 0.0
vt 0.000000 0.000000 0.0
vt 0.000000 0.000000 0.0
vt 0.000000 0.000000 0.0
vt 0.000000 0.000000 0.0
vt 0.000000 0.000000 0.0
vt 0.000000 0.000000 0.0
vt 0.000000 0.000000 0.0
vt 0.000000 0.000000 0.0
vt 0.000000 0.000000 0.0
vt 0.000000 0.000000 0.0
vt 0.000000 0.000000 0.0
vt 0.000000 0.000000 0.0
vt 0.000000 0.000000 0.0
vt 0.000000 0.000000 0.0
vt 0.000000 0.000000 0.0
vt 0.000000 0.000000 0.0
vt 0.000000 0.000000 0.0
vt 0.000000 0.000000 0.0
vt 0.000000 0.000000 0.0
vt 0.000000 0.000000 0.0
vt 0.000000 0.000000 0.0
vt 0.000000 0.000000 0.0
vt 0.000000 0.000000 0.0
vt 0.000000 0.000000 0.0
vt 0.000000 0.000000 0.0
vt 0.000000 0.000000 0.0
vt 0.000000 0.000000 0.0
vt 0.000000 0.000000 0.0
vt 0.000000 0.000000 0.0
vt 0.000000 0.000000 0.0
vt 0.000000 0.000000 0.0
vt 0.000000 0.000000 0.0
vt 0.000000 0.000000 0.0
vt 0.000000 0.000000 0.0
vt 0.000000 0.000000 0.0
vt 0.000000 0.000000 0.0
vt 0.000000 0.000000 0.0
vt 0.000000 0.000000 0.0
vt 0.000000 0.000000 0.0
vt 0.000000 0.000000 0.0
vt 0.000000 0.000000 0.0
vt 0.000000 0.000000 0.0
vt 0.000000 0.000000 0.0
vt 0.000000 0.000000 0.0
vt 0.000000 0.000000 0.0
vt 0.000000 0.000000 0.0
vt 0.000000 0.000000 0.0
vt 0.000000 0.000000 0.0
vt 0.000000 0.000000 0.0
vt 0.000000 0.000000 0.0
vt 0.000000 0.000000 0.0
vt 0.000000 0.000000 0.0
vt 0.000000 0.000000 0.0
vt 0.000000 0.000000 0.0
vt 0.000000 0.000000 0.0
vt 0.000000 0.000000 0.0
vt 0.000000 0.000000 0.0
vt 0.000000 0.000000 0.0
vt 0.000000 0.000000 0.0
vt 0.000000 0.000000 0.0
vt 0.000000 0.000000 0.0
vt 0.000000 0.000000 0.0
vt 0.000000 0.000000 0.0
vt 0.000000 0.000000 0.0
vt 0.000000 0.000000 0.0
vt 0.000000 0.000000 0.0
vt 0.000000 0.000000 0.0
vt 0.000000 0.000000 0.0
vt 0.000000 0.000000 0.0
vt 0.000000 0.000000 0.0
vt 0.000000 0.000000 0.0
vt 0.000000 0.000000 0.0
vt 0.000000 0.000000 0.0
vt 0.000000 0.000000 0.0
vt 0.000000 0.000000 0.0
vt 0.000000 0.000000 0.0
vt 0.000000 0.000000 0.0
vt 0.000000 0.000000 0.0
vt 0.000000 0.000000 0.0
vt 0.000000 0.000000 0.0
vt 0.000000 0.000000 0.0
vt 0.000000 0.000000 0.0
vt 0.000000 0.000000 0.0
vt 0.000000 0.000000 0.0
vt 0.000000 0.000000 0.0
vt 0.000000 0.000000 0.0
vt 0.000000 0.000000 0.0
vt 0.000000 0.000000 0.0
vt 0.000000 0.000000 0.0
vt 0.000000 0.000000 0.0
vt 0.000000 0.000000 0.0
vt 0.000000 0.000000 0.0
vt 0.000000 0.000000 0.0
vt 0.000000 0.000000 0.0
vt 0.000000 0.000000 0.0
vt 0.000000 0.000000 0.0
vt 0.000000 0.000000 0.0
vt 0.000000 0.000000 0.0
vt 0.000000 0.000000 0.0
vt 0.000000 0.000000 0.0
vt 0.000000 0.000000 0.0
vt 0.000000 0.000000 0.0
vt 0.000000 0.000000 0.0
vt 0.000000 0.000000 0.0
vt 0.000000 0.000000 0.0
vt 0.000000 0.000000 0.0
vt 0.000000 0.000000 0.0
vt 0.000000 0.000000 0.0
vt 0.000000 0.000000 0.0
vt 0.000000 0.000000 0.0
vt 0.000000 0.000000 0.0
vt 0.000000 0.000000 0.0
vt 0.000000 0.000000 0.0
vt 0.000000 0.000000 0.0
vt 0.000000 0.000000 0.0
vt 0.000000 0.000000 0.0
vt 0.000000 0.000000 0.0
vt 0.000000 0.000000 0.0
vt 0.000000 0.000000 0.0
vt 0.000000 0.000000 0.0
vt 0.000000 0.000000 0.0
vt 0.000000 0.000000 0.0
vt 0.000000 0.000000 0.0
vt 0.000000 0.000000 0.0
vt 0.000000 0.000000 0.0
vt 0.000000 0.000000 0.0
vt 0.000000 0.000000 0.0
vt 0.000000 0.000000 0.0
vt 0.000000 0.000000 0.0
vt 0.000000 0.000000 0.0
vt 0.000000 0.000000 0.0
vt 0.000000 0.000000 0.0
vt 0.000000 0.000000 0.0
vt 0.000000 0.000000 0.0
vt 0.000000 0.000000 0.0
vt 0.000000 0.000000 0.0
vt 0.000000 0.000000 0.0
vt 0.000000 0.000000 0.0
vt 0.000000 0.000000 0.0
vt 0.000000 0.000000 0.0
vt 0.000000 0.000000 0.0
vt 0.000000 0.000000 0.0
vt 0.000000 0.000000 0.0
vt 0.000000 0.000000 0.0
vt 0.000000 0.000000 0.0
vt 0.000000 0.000000 0.0
vt 0.000000 0.000000 0.0
vt 0.000000 0.000000 0.0
vt 0.000000 0.000000 0.0
vt 0.000000 0.000000 0.0
vt 0.000000 0.000000 0.0
vt 0.000000 0.000000 0.0
vt 0.000000 0.000000 0.0
vt 0.000000 0.000000 0.0
vt 0.000000 0.000000 0.0
vt 0.000000 0.000000 0.0
vt 0.000000 0.000000 0.0
vt 0.000000 0.000000 0.0
vt 0.000000 0.000000 0.0
vt 0.000000 0.000000 0.0
vt 0.000000 0.000000 0.0
vt 0.000000 0.000000 0.0
vt 0.000000 0.000000 0.0
vt 0.000000 0.000000 0.0
vt 0.000000 0.000000 0.0
vt 0.000000 0.000000 0.0
vt 0.000000 0.000000 0.0
vt 0.000000 0.000000 0.0
vt 0.000000 0.000000 0.0
vt 0.000000 0.000000 0.0
vt 0.000000 0.000000 0.0
vt 0.000000 0.000000 0.0
vt 0.000000 0.000000 0.0
vt 0.000000 0.000000 0.0
vt 0.000000 0.000000 0.0
vt 0.000000 0.000000 0.0
vt 0.000000 0.000000 0.0
vt 0.000000 0.000000 0.0
vt 0.000000 0.000000 0.0
vt 0.000000 0.000000 0.0
vt 0.000000 0.000000 0.0
vt 0.000000 0.000000 0.0
vt 0.000000 0.000000 0.0
vt 0.000000 0.000000 0.0
vt 0.000000 0.000000 0.0
vt 0.000000 0.000000 0.0
vt 0.000000 0.000000 0.0
vt 0.000000 0.000000 0.0
vt 0.000000 0.000000 0.0
vt 0.000000 0.000000 0.0
vt 0.000000 0.000000 0.0
vt 0.000000 0.000000 0.0
vt 0.000000 0.000000 0.0
vt 0.000000 0.000000 0.0
vt 0.000000 0.000000 0.0
vt 0.000000 0.000000 0.0
vt 0.000000 0.000000 0.0
vt 0.000000 0.000000 0.0
vt 0.000000 0.000000 0.0
vt 0.000000 0.000000 0.0
vt 0.000000 0.000000 0.0
vt 0.000000 0.000000 0.0
vt 0.000000 0.000000 0.0
vt 0.000000 0.000000 0.0
vt 0.000000 0.000000 0.0
vt 0.000000 0.000000 0.0
vt 0.000000 0.000000 0.0
vt 0.000000 0.000000 0.0
vt 0.000000 0.000000 0.0
vt 0.000000 0.000000 0.0
vt 0.000000 0.000000 0.0
vt 0.000000 0.000000 0.0
vt 0.000000 0.000000 0.0
vt 0.000000 0.000000 0.0
vt 0.000000 0.000000 0.0
vt 0.000000 0.000000 0.0
vt 0.000000 0.000000 0.0
vt 0.000000 0.000000 0.0
vt 0.000000 0.000000 0.0
vt 0.000000 0.000000 0.0
vt 0.000000 0.000000 0.0
vt 0.000000 0.000000 0.0
vt 0.000000 0.000000 0.0
vt 0.000000 0.000000 0.0
vt 0.000000 0.000000 0.0
vt 0.000000 0.000000 0.0
vt 0.000000 0.000000 0.0
vt 0.000000 0.000000 0.0
vt 0.000000 0.000000 0.0
vt 0.000000 0.000000 0.0
vt 0.000000 0.000000 0.0
vt 0.000000 0.000000 0.0
vt 0.000000 0.000000 0.0
vt 0.000000 0.000000 0.0
vt 0.000000 0.000000 0.0
vt 0.000000 0.000000 0.0
vt 0.000000 0.000000 0.0
vt 0.000000 0.000000 0.0
vt 0.000000 0.000000 0.0
vt 0.000000 0.000000 0.0
vt 0.000000 0.000000 0.0
vt 0.000000 0.000000 0.0
vt 0.000000 0.000000 0.0
vt 0.000000 0.000000 0.0
vt 0.000000 0.000000 0.0
vt 0.000000 0.000000 0.0
vt 0.000000 0.000000 0.0
vt 0.000000 0.000000 0.0
vt 0.000000 0.000000 0.0
vt 0.000000 0.000000 0.0
vt 0.000000 0.000000 0.0
vt 0.000000 0.000000 0.0
vt 0.000000 0.000000 0.0
vt 0.000000 0.000000 0.0
vt 0.000000 0.000000 0.0
vt 0.000000 0.000000 0.0
vt 0.000000 0.000000 0.0
vt 0.000000 0.000000 0.0
vt 0.000000 0.000000 0.0
vt 0.000000 0.000000 0.0
vt 0.000000 0.000000 0.0
vt 0.000000 0.000000 0.0
vt 0.000000 0.000000 0.0
vt 0.000000 0.000000 0.0
vt 0.000000 0.000000 0.0
vt 0.000000 0.000000 0.0
vt 0.000000 0.000000 0.0
vt 0.000000 0.000000 0.0
vt 0.000000 0.000000 0.0
vt 0.000000 0.000000 0.0
vt 0.000000 0.000000 0.0
vt 0.000000 0.000000 0.0
vt 0.000000 0.000000 0.0
vt 0.000000 0.000000 0.0
vt 0.000000 0.000000 0.0
vt 0.000000 0.000000 0.0
vt 0.000000 0.000000 0.0
vt 0.000000 0.000000 0.0
vt 0.000000 0.000000 0.0
vt 0.000000 0.000000 0.0
vt 0.000000 0.000000 0.0
vt 0.000000 0.000000 0.0
vt 0.000000 0.000000 0.0
vt 0.000000 0.000000 0.0
vt 0.000000 0.000000 0.0
vt 0.000000 0.000000 0.0
vt 0.000000 0.000000 0.0
vt 0.000000 0.000000 0.0
vt 0.000000 0.000000 0.0
vt 0.000000 0.000000 0.0
vt 0.000000 0.000000 0.0
vt 0.000000 0.000000 0.0
vt 0.000000 0.000000 0.0
vt 0.000000 0.000000 0.0
vt 0.000000 0.000000 0.0
vt 0.000000 0.000000 0.0
f 1/1/1 2/2/2 3/3/3
f 2/2/2 1/1/1 4/4/4
f 4/4/4 1/1/1 5/5/5
f 6/6/6 2/2/2 4/4/4
f 2/2/2 6/6/6 7/7/7
f 6/6/6 4/4/4 8/8/8
f 9/9/9 10/10/10 11/11/11
f 12/12/12 9/9/9 11/11/11
f 10/10/10 9/9/9 13/13/13
f 9/9/9 12/12/12 14/14/14
f 15/15/15 10/10/10 13/13/13
f 16/16/16 14/14/14 12/12/12
f 13/13/13 17/17/17 15/15/15
f 16/16/16 12/12/12 18/18/18
f 17/17/17 19/19/19 15/15/15
f 20/20/20 16/16/16 18/18/18
f 19/19/19 17/17/17 21/21/21
f 16/16/16 20/20/20 22/22/22
f 23/23/23 19/19/19 21/21/21
f 24/24/24 22/22/22 20/20/20
f 19/19/19 23/23/23 24/24/24
f 22/22/22 24/24/24 23/23/23
f 25/25/25 26/26/26 27/27/27
f 26/26/26 28/28/28 27/27/27
f 26/26/26 25/25/25 29/29/29
f 28/28/28 26/26/26 30/30/30
f 25/25/25 31/31/31 29/29/29
f 32/32/32 28/28/28 30/30/30
f 33/33/33 31/31/31 25/25/25
f 28/28/28 32/32/32 34/34/34
f 35/35/35 31/31/31 33/33/33
f 32/32/32 36/36/36 34/34/34
f 31/31/31 35/35/35 37/37/37
f 32/32/32 38/38/38 36/36/36
f 37/37/37 35/35/35 39/39/39
f 39/39/39 36/36/36 38/38/38
f 35/35/35 40/40/40 39/39/39
f 36/36/36 39/39/39 40/40/40
f 41/41/41 42/42/42 43/43/43
f 44/44/44 41/41/41 43/43/43
f 42/42/42 41/41/41 45/45/45
f 41/41/41 44/44/44 46/46/46
f 47/47/47 42/42/42 45/45/45
f 44/44/44 48/48/48 46/46/46
f 42/42/42 47/47/47 49/49/49
f 44/44/44 50/50/50 48/48/48
f 51/51/51 49/49/49 47/47/47
f 52/52/52 48/48/48 50/50/50
f 47/47/47 53/53/53 51/51/51
f 48/48/48 52/52/52 54/54/54
f 55/55/55 51/51/51 53/53/53
f 55/55/55 54/54/54 52/52/52
f 51/51/51 55/55/55 56/56/56
f 52/52/52 56/56/56 55/55/55
f 57/57/57 58/58/58 59/59/59
f 59/59/59 58/58/58 60/60/60
f 61/61/61 62/62/62 63/63/63
f 63/63/63 62/62/62 64/64/64
f 65/65/65 66/66/66 67/67/67
f 65/65/65 67/67/67 68/68/68
f 69/69/69 70/70/70 71/71/71
f 69/69/69 71/71/71 72/72/72
f 70/70/70 73/73/73 71/71/71
f 74/74/74 73/73/73 70/70/70
f 74/74/74 75/75/75 73/73/73
f 76/76/76 75/75/75 74/74/74
f 76/76/76 77/77/77 75/75/75
f 76/76/76 78/78/78 77/77/77
f 79/79/79 80/80/80 81/81/81
f 80/80/80 79/79/79 82/82/82
f 83/83/83 82/82/82 79/79/79
f 82/82/82 83/83/83 84/84/84
f 85/85/85 84/84/84 83/83/83
f 84/84/84 85/85/85 86/86/86
f 85/85/85 87/87/87 86/86/86
f 88/88/88 89/89/89 90/90/90
f 89/89/89 88/88/88 91/91/91
f 91/91/91 92/92/92 89/89/89
f 92/92/92 91/91/91 93/93/93
f 93/93/93 94/94/94 92/92/92
f 94/94/94 93/93/93 95/95/95
f 94/94/94 95/95/95 96/96/96
f 97/97/97 98/98/98 99/99/99
f 99/99/99 100/100/100 97/97/97
f 101/101/101 99/99/99 98/98/98
f 99/99/99 101/101/101 102/102/102
f 103/103/103 104/104/104 105/105/105
f 103/103/103 105/105/105 106/106/106
f 107/107/107 103/103/103 106/106/106
f 103/103/103 107/107/107 108/108/108
f 109/109/109 110/110/110 111/111/111
f 111/111/111 110/110/110 112/112/112
f 113/113/113 111/111/111 112/112/112
f 111/111/111 113/113/113 114/114/114
f 115/115/115 116/116/116 117/117/117
f 115/115/115 117/117/117 118/118/118
f 119/119/119 115/115/115 118/118/118
f 115/115/115 119/119/119 120/120/120
f 121/121/121 122/122/122 123/123/123
f 121/121/121 124/124/124 122/122/122
f 125/125/125 126/126/126 127/127/127
f 125/125/125 127/127/127 128/128/128
f 129/129/129 125/125/125 128/128/128
f 125/125/125 129/129/129 130/130/130
f 131/131/131 132/132/132 133/133/133
f 131/131/131 133/133/133 134/134/134
f 135/135/135 131/131/131 134/134/134
f 131/131/131 135/135/135 136/136/136
f 137/137/137 138/138/138 139/139/139
f 137/137/137 139/139/139 140/140/140
f 138/138/138 141/141/141 139/139/139
f 138/138/138 142/142/142 141/141/141
f 142/142/142 143/143/143 141/141/141
f 142/142/142 144/144/144 143/143/143
f 144/144/144 145/145/145 143/143/143
f 144/144/144 146/146/146 145/145/145
f 147/147/147 148/148/148 149/149/149
f 148/148/148 147/147/147 150/150/150
f 149/149/149 151/151/151 147/147/147
f 151/151/151 149/149/149 152/152/152
f 152/152/152 153/153/153 151/151/151
f 153/153/153 154/154/154 151/151/151
f 153/153/153 155/155/155 154/154/154
f 156/156/156 154/154/154 155/155/155
f 157/157/157 158/158/158 159/159/159
f 158/158/158 157/157/157 160/160/160
f 159/159/159 161/161/161 157/157/157
f 161/161/161 159/159/159 162/162/162
f 161/161/161 162/162/162 163/163/163
f 161/161/161 163/163/163 164/164/164
f 165/165/165 164/164/164 163/163/163
f 166/166/166 164/164/164 165/165/165
f 167/167/167 168/168/168 169/169/169
f 169/169/169 170/170/170 167/167/167
f 171/171/171 169/169/169 168/168/168
f 169/169/169 171/171/171 172/172/172
f 173/173/173 174/174/174 175/175/175
f 175/175/175 176/176/176 173/173/173
f 177/177/177 175/175/175 174/174/174
f 175/175/175 177/177/177 178/178/178
f 179/179/179 180/180/180 181/181/181
f 181/181/181 182/182/182 179/179/179
f 181/181/181 180/180/180 183/183/183
f 180/180/180 184/184/184 183/183/183
f 184/184/184 180/180/180 185/185/185
f 182/182/182 181/181/181 186/186/186
f 186/186/186 187/187/187 182/182/182
f 188/188/188 182/182/182 187/187/187
f 189/189/189 190/190/190 191/191/191
f 189/189/189 192/192/192 190/190/190
f 189/189/189 191/191/191 193/193/193
f 194/194/194 193/193/193 191/191/191
f 191/191/191 195/195/195 194/194/194
f 192/192/192 189/189/189 196/196/196
f 197/197/197 192/192/192 196/196/196
f 198/198/198 192/192/192 197/197/197
f 199/199/199 200/200/200 201/201/201
f 200/200/200 202/202/202 201/201/201
f 203/203/203 204/204/204 205/205/205
f 203/203/203 205/205/205 206/206/206
f 204/204/204 207/207/207 205/205/205
f 207/207/207 204/204/204 208/208/208
f 208/208/208 209/209/209 207/207/207
f 208/208/208 210/210/210 209/209/209
f 210/210/210 211/211/211 209/209/209
f 212/212/212 213/213/213 214/214/214
f 213/213/213 212/212/212 215/215/215
f 216/216/216 215/215/215 212/212/212
f 215/215/215 216/216/216 217/217/217
f 216/216/216 218/218/218 217/217/217
f 219/219/219 217/217/217 218/218/218
f 219/219/219 218/218/218 220/220/220
f 221/221/221 222/222/222 223/223/223
f 223/223/223 222/222/222 224/224/224
f 225/225/225 226/226/226 227/227/227
f 225/225/225 227/227/227 228/228/228
f 225/225/225 228/228/228 229/229/229
f 225/225/225 229/229/229 230/230/230
f 231/231/231 232/232/232 233/233/233
f 232/232/232 234/234/234 233/233/233
f 235/235/235 236/236/236 237/237/237
f 237/237/237 238/238/238 235/235/235
f 239/239/239 237/237/237 236/236/236
f 237/237/237 239/239/239 240/240/240
f 241/241/241 242/242/242 243/243/243
f 241/241/241 243/243/243 244/244/244
f 245/245/245 241/241/241 244/244/244
f 241/241/241 245/245/245 246/246/246
f 247/247/247 248/248/248 249/249/249
f 250/250/250 249/249/249 248/248/248
f 248/248/248 251/251/251 250/250/250
f 252/252/252 250/250/250 251/251/251
f 251/251/251 253/253/253 252/252/252
f 253/253/253 251/251/251 254/254/254
f 254/254/254 255/255/255 253/253/253
f 255/255/255 254/254/254 256/256/256
f 255/255/255 256/256/256 257/257/257
f 258/258/258 259/259/259 260/260/260
f 258/258/258 260/260/260 261/261/261
f 262/262/262 258/258/258 261/261/261
f 261/261/261 263/263/263 262/262/262
f 264/264/264 262/262/262 263/263/263
f 262/262/262 264/264/264 265/265/265
f 266/266/266 265/265/265 264/264/264
f 265/265/265 266/266/266 267/267/267
f 266/266/266 268/268/268 267/267/267
f 269/269/269 270/270/270 271/271/271
f 271/271/271 270/270/270 272/272/272
f 270/270/270 269/269/269 273/273/273
f 274/274/274 271/271/271 272/272/272
f 275/275/275 273/273/273 269/269/269
f 276/276/276 274/274/274 272/272/272
f 273/273/273 275/275/275 277/277/277
f 276/276/276 278/278/278 274/274/274
f 279/279/279 277/277/277 275/275/275
f 280/280/280 278/278/278 276/276/276
f 277/277/277 279/279/279 281/281/281
f 278/278/278 280/280/280 282/282/282
f 279/279/279 283/283/283 281/281/281
f 280/280/280 284/284/284 282/282/282
f 283/283/283 279/279/279 285/285/285
f 284/284/284 280/280/280 286/286/286
f 285/285/285 287/287/287 283/283/283
f 286/286/286 288/288/288 284/284/284
f 288/288/288 286/286/286 289/289/289
f 288/288/288 289/289/289 290/290/290
f 287/287/287 285/285/285 291/291/291
f 291/291/291 292/292/292 287/287/287
f 292/292/292 291/291/291 293/293/293
f 293/293/293 294/294/294 292/292/292
f 294/294/294 293/293/293 295/295/295
f 295/295/295 296/296/296 294/294/294
f 296/296/296 295/295/295 297/297/297
f 296/296/296 297/297/297 298/298/298
f 299/299/299 300/300/300 301/301/301
f 300/300/300 299/299/299 302/302/302
f 301/301/301 303/303/303 299/299/299
f 304/304/304 300/300/300 302/302/302
f 303/303/303 301/301/301 305/305/305
f 302/302/302 306/306/306 304/304/304
f 305/305/305 307/307/307 303/303/303
f 304/304/304 306/306/306 308/308/308
f 307/307/307 305/305/305 309/309/309
f 306/306/306 310/310/310 308/308/308
f 311/311/311 307/307/307 309/309/309
f 310/310/310 312/312/312 308/308/308
f 307/307/307 311/311/311 313/313/313
f 310/310/310 314/314/314 312/312/312
f 315/315/315 313/313/313 311/311/311
f 316/316/316 312/312/312 314/314/314
f 313/313/313 315/315/315 317/317/317
f 312/312/312 316/316/316 318/318/318
f 319/319/319 317/317/317 315/315/315
f 320/320/320 318/318/318 316/316/316
f 318/318/318 320/320/320 321/321/321
f 320/320/320 322/322/322 321/321/321
f 317/317/317 319/319/319 323/323/323
f 324/324/324 323/323/323 319/319/319
f 323/323/323 324/324/324 325/325/325
f 326/326/326 325/325/325 324/324/324
f 325/325/325 326/326/326 327/327/327
f 326/326/326 328/328/328 327/327/327
f 329/329/329 330/330/330 331/331/331
f 331/331/331 330/330/330 332/332/332
f 330/330/330 329/329/329 333/333/333
f 334/334/334 331/331/331 332/332/332
f 335/335/335 333/333/333 329/329/329
f 336/336/336 334/334/334 332/332/332
f 333/333/333 335/335/335 337/337/337
f 338/338/338 334/334/334 336/336/336
f 339/339/339 337/337/337 335/335/335
f 336/336/336 340/340/340 338/338/338
f 337/337/337 339/339/339 341/341/341
f 340/340/340 336/336/336 342/342/342
f 339/339/339 343/343/343 341/341/341
f 342/342/342 344/344/344 340/340/340
f 341/341/341 343/343/343 345/345/345
f 344/344/344 342/342/342 346/346/346
f 343/343/343 347/347/347 345/345/345
f 346/346/346 348/348/348 344/344/344
f 348/348/348 346/346/346 349/349/349
f 348/348/348 349/349/349 350/350/350
f 347/347/347 343/343/343 351/351/351
f 351/351/351 352/352/352 347/347/347
f 347/347/347 352/352/352 353/353/353
f 352/352/352 354/354/354 353/353/353
f 354/354/354 352/352/352 355/355/355
f 355/355/355 356/356/356 354/354/354
f 356/356/356 355/355/355 357/357/357
f 356/356/356 357/357/357 358/358/358
f 359/359/359 360/360/360 361/361/361
f 360/360/360 359/359/359 362/362/362
f 361/361/361 363/363/363 359/359/359
f 364/364/364 360/360/360 362/362/362
f 363/363/363 361/361/361 365/365/365
f 362/362/362 366/366/366 364/364/364
f 365/365/365 367/367/367 363/363/363
f 368/368/368 364/364/364 366/366/366
f 367/367/367 365/365/365 369/369/369
f 366/366/366 370/370/370 368/368/368
f 369/369/369 371/371/371 367/367/367
f 372/372/372 368/368/368 370/370/370
f 371/371/371 369/369/369 373/373/373
f 368/368/368 372/372/372 374/374/374
f 375/375/375 371/371/371 373/373/373
f 376/376/376 374/374/374 372/372/372
f 371/371/371 375/375/375 377/377/377
f 374/374/374 376/376/376 378/378/378
f 379/379/379 377/377/377 375/375/375
f 380/380/380 378/378/378 376/376/376
f 378/378/378 380/380/380 381/381/381
f 380/380/380 382/382/382 381/381/381
f 379/379/379 375/375/375 383/383/383
f 384/384/384 379/379/379 383/383/383
f 379/379/379 384/384/384 385/385/385
f 386/386/386 385/385/385 384/384/384
f 385/385/385 386/386/386 387/387/387
f 386/386/386 388/388/388 387/387/387
f 389/389/389 390/390/390 391/391/391
f 390/390/390 389/389/389 392/392/392
f 393/393/393 394/394/394 395/395/395
f 396/396/396 395/395/395 394/394/394
f 396/396/396 394/394/394 397/397/397
f 398/398/398 396/396/396 397/397/397
f 397/397/397 399/399/399 398/398/398
f 399/399/399 397/397/397 400/400/400
f 400/400/400 401/401/401 399/399/399
f 401/401/401 400/400/400 402/402/402
f 401/401/401 402/402/402 403/403/403
f 404/404/404 405/405/405 406/406/406
f 404/404/404 406/406/406 407/407/407
f 408/408/408 404/404/404 407/407/407
f 407/407/407 409/409/409 408/408/408
f 410/410/410 408/408/408 409/409/409
f 408/408/408 410/410/410 411/411/411
f 412/412/412 411/411/411 410/410/410
f 411/411/411 412/412/412 413/413/413
f 412/412/412 414/414/414 413/413/413
f 415/415/415 416/416/416 417/417/417
f 418/418/418 416/416/416 415/415/415
f 419/419/419 420/420/420 421/421/421
f 421/421/421 420/420/420 422/422/422
f 423/423/423 421/421/421 422/422/422
f 421/421/421 423/423/423 424/424/424
f 425/425/425 426/426/426 427/427/427
f 425/425/425 427/427/427 428/428/428
f 429/429/429 425/425/425 428/428/428
f 425/425/425 429/429/429 430/430/430
f 431/431/431 432/432/432 433/433/433
f 433/433/433 434/434/434 431/431/431
f 435/435/435 433/433/433 432/432/432
f 432/432/432 436/436/436 435/435/435
f 437/437/437 435/435/435 436/436/436
f 435/435/435 437/437/437 438/438/438
f 439/439/439 438/438/438 437/437/437
f 438/438/438 439/439/439 440/440/440
f 441/441/441 442/442/442 443/443/443
f 441/441/441 443/443/443 444/444/444
f 445/445/445 441/441/441 444/444/444
f 446/446/446 445/445/445 444/444/444
f 447/447/447 445/445/445 446/446/446
f 445/445/445 447/447/447 448/448/448
f 449/449/449 448/448/448 447/447/447
f 448/448/448 449/449/449 450/450/450
f 451/451/451 452/452/452 453/453/453
f 454/454/454 453/453/453 452/452/452
f 453/453/453 455/455/455 451/451/451
f 456/456/456 451/451/451 455/455/455
f 455/455/455 457/457/457 456/456/456
f 457/457/457 455/455/455 458/458/458
f 458/458/458 459/459/459 457/457/457
f 459/459/459 458/458/458 460/460/460
f 461/461/461 462/462/462 463/463/463
f 462/462/462 461/461/461 464/464/464
f 462/462/462 465/465/465 463/463/463
f 465/465/465 466/466/466 463/463/463
f 465/465/465 467/467/467 466/466/466
f 467/467/467 465/465/465 468/468/468
f 468/468/468 469/469/469 467/467/467
f 469/469/469 468/468/468 470/470/470
f 471/471/471 472/472/472 473/473/473
f 472/472/472 471/471/471 474/474/474
f 475/475/475 476/476/476 477/477/477
f 475/475/475 477/477/477 478/478/478
f 479/479/479 475/475/475 478/478/478
f 475/475/475 479/479/479 480/480/480
f 481/481/481 482/482/482 483/483/483
f 483/483/483 484/484/484 481/481/481
f 485/485/485 483/483/483 482/482/482
f 483/483/483 485/485/485 486/486/486
f 487/487/487 486/486/486 485/485/485
f 487/487/487 485/485/485 488/488/488
f 489/489/489 487/487/487 488/488/488
f 487/487/487 489/489/489 490/490/490
f 491/491/491 492/492/492 493/493/493
f 491/491/491 493/493/493 494/494/494
f 495/495/495 491/491/491 494/494/494
f 495/495/495 494/494/494 496/496/496
f 497/497/497 498/498/498 499/499/499
f 499/499/499 500/500/500 497/497/497
f 501/501/501 499/499/499 498/498/498
f 499/499/499 501/501/501 502/502/502
f 503/503/503 504/504/504 505/505/505
f 504/504/504 503/503/503 506/506/506
f 505/505/505 507/507/507 503/503/503
f 507/507/507 505/505/505 508/508/508
f 508/508/508 509/509/509 507/507/507
f 507/507/507 509/509/509 510/510/510
f 511/511/511 510/510/510 509/509/509
f 510/510/510 511/511/511 512/512/512
f 512/512/512 511/511/511 513/513/513
f 514/514/514 515/515/515 516/516/516
f 515/515/515 514/514/514 517/517/517
f 518/518/518 516/516/516 515/515/515
f 516/516/516 518/518/518 519/519/519
f 518/518/518 520/520/520 519/519/519
f 520/520/520 518/518/518 521/521/521
f 521/521/521 522/522/522 520/520/520
f 522/522/522 521/521/521 523/523/523
f 523/523/523 524/524/524 522/522/522
f 525/525/525 526/526/526 527/527/527
f 526/526/526 528/528/528 527/527/527
f 525/525/525 527/527/527 529/529/529
f 528/528/528 526/526/526 530/530/530
f 529/529/529 531/531/531 525/525/525
f 530/530/530 532/532/532 528/528/528
f 531/531/531 529/529/529 533/533/533
f 532/532/532 530/530/530 534/534/534
f 533/533/533 535/535/535 531/531/531
f 532/532/532 534/534/534 536/536/536
f 535/535/535 533/533/533 537/537/537
f 538/538/538 532/532/532 536/536/536
f 537/537/537 539/539/539 535/535/535
f 536/536/536 540/540/540 538/538/538
f 539/539/539 537/537/537 541/541/541
f 542/542/542 538/538/538 540/540/540
f 543/543/543 539/539/539 541/541/541
f 542/542/542 540/540/540 544/544/544
f 539/539/539 543/543/543 545/545/545
f 546/546/546 542/542/542 544/544/544
f 547/547/547 545/545/545 543/543/543
f 545/545/545 547/547/547 548/548/548
f 548/548/548 547/547/547 549/549/549
f 550/550/550 546/546/546 544/544/544
f 551/551/551 546/546/546 550/550/550
f 552/552/552 551/551/551 550/550/550
f 551/551/551 552/552/552 553/553/553
f 553/553/553 552/552/552 554/554/554
f 555/555/555 556/556/556 557/557/557
f 556/556/556 558/558/558 557/557/557
f 559/559/559 555/555/555 557/557/557
f 560/560/560 558/558/558 556/556/556
f 555/555/555 559/559/559 561/561/561
f 558/558/558 560/560/560 562/562/562
f 563/563/563 561/561/561 559/559/559
f 564/564/564 562/562/562 560/560/560
f 561/561/561 563/563/563 565/565/565
f 562/562/562 564/564/564 566/566/566
f 567/567/567 565/565/565 563/563/563
f 568/568/568 566/566/566 564/564/564
f 565/565/565 567/567/567 569/569/569
f 564/564/564 570/570/570 568/568/568
f 567/567/567 571/571/571 569/569/569
f 572/572/572 568/568/568 570/570/570
f 571/571/571 567/567/567 573/573/573
f 572/572/572 570/570/570 574/574/574
f 573/573/573 575/575/575 571/571/571
f 575/575/575 573/573/573 576/576/576
f 576/576/576 577/577/577 575/575/575
f 578/578/578 572/572/572 574/574/574
f 574/574/574 579/579/579 578/578/578
f 578/578/578 579/579/579 580/580/580
f 579/579/579 581/581/581 580/580/580
f 581/581/581 582/582/582 580/580/580
f 581/581/581 583/583/583 582/582/582
f 583/583/583 584/584/584 582/582/582
f 585/585/585 586/586/586 587/587/587
f 586/586/586 588/588/588 587/587/587
f 585/585/585 587/587/587 589/589/589
f 588/588/588 586/586/586 590/590/590
f 589/589/589 591/591/591 585/585/585
f 590/590/590 592/592/592 588/588/588
f 591/591/591 589/589/589 593/593/593
f 592/592/592 590/590/590 594/594/594
f 593/593/593 595/595/595 591/591/591
f 594/594/594 596/596/596 592/592/592
f 595/595/595 593/593/593 597/597/597
f 596/596/596 594/594/594 598/598/598
f 599/599/599 595/595/595 597/597/597
f 596/596/596 598/598/598 600/600/600
f 595/595/595 599/599/599 601/601/601
f 602/602/602 596/596/596 600/600/600
f 603/603/603 601/601/601 599/599/599
f 600/600/600 604/604/604 602/602/602
f 601/601/601 603/603/603 605/605/605
f 604/604/604 600/600/600 606/606/606
f 607/607/607 605/605/605 603/603/603
f 605/605/605 607/607/607 608/608/608
f 608/608/608 607/607/607 609/609/609
f 610/610/610 604/604/604 606/606/606
f 611/611/611 604/604/604 610/610/610
f 612/612/612 611/611/611 610/610/610
f 611/611/611 612/612/612 613/613/613
f 613/613/613 612/612/612 614/614/614
f 615/615/615 616/616/616 617/617/617
f 616/616/616 618/618/618 617/617/617
f 619/619/619 615/615/615 617/617/617
f 620/620/620 618/618/618 616/616/616
f 615/615/615 619/619/619 621/621/621
f 618/618/618 620/620/620 622/622/622
f 623/623/623 621/621/621 619/619/619
f 624/624/624 622/622/622 620/620/620
f 621/621/621 623/623/623 625/625/625
f 622/622/622 624/624/624 626/626/626
f 623/623/623 627/627/627 625/625/625
f 628/628/628 626/626/626 624/624/624
f 627/627/627 623/623/623 629/629/629
f 626/626/626 628/628/628 630/630/630
f 629/629/629 631/631/631 627/627/627
f 632/632/632 630/630/630 628/628/628
f 631/631/631 629/629/629 633/633/633
f 632/632/632 628/628/628 634/634/634
f 633/633/633 635/635/635 631/631/631
f 635/635/635 633/633/633 636/636/636
f 636/636/636 637/637/637 635/635/635
f 638/638/638 632/632/632 634/634/634
f 632/632/632 638/638/638 639/639/639
f 640/640/640 639/639/639 638/638/638
f 638/638/638 641/641/641 640/640/640
f 641/641/641 642/642/642 640/640/640
f 642/642/642 641/641/641 643/643/643
f 643/643/643 644/644/644 642/642/642
f 645/645/645 646/646/646 647/647/647
f 645/645/645 647/647/647 648/648/648
f 646/646/646 649/649/649 647/647/647
f 646/646/646 650/650/650 649/649/649
f 651/651/651 652/652/652 653/653/653
f 652/652/652 651/651/651 654/654/654
f 653/653/653 655/655/655 651/651/651
f 655/655/655 653/653/653 656/656/656
f 656/656/656 657/657/657 655/655/655
f 655/655/655 657/657/657 658/658/658
f 659/659/659 658/658/658 657/657/657
f 658/658/658 659/659/659 660/660/660
f 660/660/660 659/659/659 661/661/661
f 662/662/662 663/663/663 664/664/664
f 663/663/663 662/662/662 665/665/665
f 666/666/666 664/664/664 663/663/663
f 664/664/664 666/666/666 667/667/667
f 666/666/666 668/668/668 667/667/667
f 668/668/668 666/666/666 669/669/669
f 669/669/669 670/670/670 668/668/668
f 670/670/670 669/669/669 671/671/671
f 671/671/671 672/672/672 670/670/670
f 673/673/673 674/674/674 675/675/675
f 673/673/673 675/675/675 676/676/676
f 677/677/677 678/678/678 679/679/679
f 678/678/678 680/680/680 679/679/679
f 681/681/681 682/682/682 683/683/683
f 682/682/682 681/681/681 684/684/684
f 685/685/685 684/684/684 681/681/681
f 684/684/684 685/685/685 686/686/686
f 687/687/687 686/686/686 685/685/685
f 686/686/686 687/687/687 688/688/688
f 687/687/687 689/689/689 688/688/688
f 690/690/690 691/691/691 692/692/692
f 691/691/691 690/690/690 693/693/693
f 693/693/693 694/694/694 691/691/691
f 694/694/694 693/693/693 695/695/695
f 695/695/695 696/696/696 694/694/694
f 696/696/696 695/695/695 697/697/697
f 696/696/696 697/697/697 698/698/698
f 699/699/699 700/700/700 701/701/701
f 699/699/699 701/701/701 702/702/702
f 703/703/703 704/704/704 705/705/705
f 704/704/704 706/706/706 705/705/705
f 707/707/707 708/708/708 709/709/709
f 707/707/707 709/709/709 710/710/710
f 708/708/708 711/711/711 709/709/709
f 712/712/712 711/711/711 708/708/708
f 712/712/712 713/713/713 711/711/711
f 714/714/714 713/713/713 712/712/712
f 714/714/714 715/715/715 713/713/713
f 714/714/714 716/716/716 715/715/715
f 717/717/717 718/718/718 719/719/719
f 717/717/717 719/719/719 720/720/720
f 718/718/718 721/721/721 719/719/719
f 721/721/721 718/718/718 722/722/722
f 722/722/722 723/723/723 721/721/721
f 722/722/722 724/724/724 723/723/723
f 724/724/724 725/725/725 723/723/723
f 726/726/726 727/727/727 728/728/728
f 727/727/727 726/726/726 729/729/729
f 730/730/730 729/729/729 726/726/726
f 729/729/729 730/730/730 731/731/731
f 731/731/731 730/730/730 732/732/732
f 733/733/733 731/731/731 732/732/732
f 733/733/733 732/732/732 734/734/734
f 735/735/735 736/736/736 737/737/737
f 738/738/738 737/737/737 736/736/736
f 735/735/735 737/737/737 739/739/739
f 737/737/737 738/738/738 740/740/740
f 741/741/741 735/735/735 739/739/739
f 742/742/742 740/740/740 738/738/738
f 735/735/735 741/741/741 743/743/743
f 738/738/738 744/744/744 742/742/742
f 745/745/745 743/743/743 741/741/741
f 746/746/746 742/742/742 744/744/744
f 745/745/745 741/741/741 747/747/747
f 742/742/742 746/746/746 748/748/748
f 749/749/749 745/745/745 747/747/747
f 749/749/749 748/748/748 746/746/746
f 745/745/745 749/749/749 750/750/750
f 749/749/749 746/746/746 750/750/750
f 751/751/751 752/752/752 753/753/753
f 754/754/754 753/753/753 752/752/752
f 752/752/752 751/751/751 755/755/755
f 754/754/754 752/752/752 756/756/756
f 757/757/757 755/755/755 751/751/751
f 758/758/758 754/754/754 756/756/756
f 751/751/751 759/759/759 757/757/757
f 754/754/754 758/758/758 760/760/760
f 761/761/761 757/757/757 759/759/759
f 762/762/762 760/760/760 758/758/758
f 757/757/757 761/761/761 763/763/763
f 762/762/762 758/758/758 764/764/764
f 763/763/763 761/761/761 765/765/765
f 765/765/765 762/762/762 764/764/764
f 765/765/765 761/761/761 766/766/766
f 762/762/762 765/765/765 766/766/766

o white_star
v 0.010381 0.010381 0.036883 1.000000 1.000000 1.000000
v 0.000000 0.025952 0.036883 1.000000 1.000000 1.000000
v 0.000000 0.000000 0.042347 1.000000 1.000000 1.000000
v 0.025952 0.000000 0.036883 1.000000 1.000000 1.000000
v 0.010381 -0.010381 0.036883 1.000000 1.000000 1.000000
v 0.025952 0.000000 0.036883 1.000000 1.000000 1.000000
v 0.000000 0.000000 0.042347 1.000000 1.000000 1.000000
v 0.000000 -0.025952 0.036883 1.000000 1.000000 1.000000
v -0.025952 0.000000 0.036883 1.000000 1.000000 1.000000
v -0.010381 -0.010381 0.036883 1.000000 1.000000 1.000000
v 0.000000 0.000000 0.042347 1.000000 1.000000 1.000000
v 0.000000 -0.025952 0.036883 1.000000 1.000000 1.000000
v -0.010381 0.010381 0.036883 1.000000 1.000000 1.000000
v -0.025952 0.000000 0.036883 1.000000 1.000000 1.000000
v 0.000000 0.000000 0.042347 1.000000 1.000000 1.000000
v 0.000000 0.025952 0.036883 1.000000 1.000000 1.000000
v -0.010381 -0.010381 -0.036883 1.000000 1.000000 1.000000
v -0.025952 0.000000 -0.036883 1.000000 1.000000 1.000000
v 0.000000 0.000000 -0.042347 1.000000 1.000000 1.000000
v 0.000000 -0.025952 -0.036883 1.000000 1.000000 1.000000
v 0.010381 -0.010381 -0.036883 1.000000 1.000000 1.000000
v 0.000000 -0.025952 -0.036883 1.000000 1.000000 1.000000
v 0.000000 0.000000 -0.042347 1.000000 1.000000 1.000000
v 0.025952 0.000000 -0.036883 1.000000 1.000000 1.000000
v -0.010381 0.010381 -0.036883 1.000000 1.000000 1.000000
v 0.000000 0.025952 -0.036883 1.000000 1.000000 1.000000
v 0.000000 0.000000 -0.042347 1.000000 1.000000 1.000000
v -0.025952 0.000000 -0.036883 1.000000 1.000000 1.000000
v 0.000000 0.025952 -0.036883 1.000000 1.000000 1.000000
v 0.010381 0.010381 -0.036883 1.000000 1.000000 1.000000
v 0.000000 0.000000 -0.042347 1.000000 1.000000 1.000000
v 0.025952 0.000000 -0.036883 1.000000 1.000000 1.000000
vn 0.246761 0.246761 0.937169
vn 0.295291 0.196400 0.935338
vn 0.246761 0.246761 0.937169
vn 0.196400 0.295291 0.935338
vn 0.246761 -0.246775 0.937169
vn 0.196400 -0.295304 0.935338
vn 0.246761 -0.246775 0.937169
vn 0.295291 -0.196414 0.935338
vn -0.196414 -0.295304 0.935338
vn -0.246775 -0.246775 0.937169
vn -0.246775 -0.246775 0.937169
vn -0.295304 -0.196414 0.935338
vn -0.246775 0.246761 0.937169
vn -0.196414 0.295291 0.935338
vn -0.246775 0.246761 0.937169
vn -0.295304 0.196400 0.935338
vn -0.246775 -0.246775 -0.937169
vn -0.196414 -0.295304 -0.935338
vn -0.246775 -0.246775 -0.937169
vn -0.295304 -0.196414 -0.935338
vn 0.246761 -0.246775 -0.937169
vn 0.295291 -0.196414 -0.935338
vn 0.246761 -0.246775 -0.937169
vn 0.196400 -0.295304 -0.935338
vn -0.246775 0.246761 -0.937169
vn -0.295304 0.196400 -0.935338
vn -0.246775 0.246761 -0.937169
vn -0.196414 0.295291 -0.935338
vn 0.295291 0.196400 -0.935338
vn 0.246761 0.246761 -0.937169
vn 0.246761 0.246761 -0.937169
vn 0.196400 0.295291 -0.935338
vt 0.000000 0.000000 0.0
vt 0.000000 0.000000 0.0
vt 0.000000 0.000000 0.0
vt 0.000000 0.000000 0.0
vt 0.000000 0.000000 0.0
vt 0.000000 0.000000 0.0
vt 0.000000 0.000000 0.0
vt 0.000000 0.000000 0.0
vt 0.000000 0.000000 0.0
vt 0.000000 0.000000 0.0
vt 0.000000 0.000000 0.0
vt 0.000000 0.000000 0.0
vt 0.000000 0.000000 0.0
vt 0.000000 0.000000 0.0
vt 0.000000 0.000000 0.0
vt 0.000000 0.000000 0.0
vt 0.000000 0.000000 0.0
vt 0.000000 0.000000 0.0
vt 0.000000 0.000000 0.0
vt 0.000000 0.000000 0.0
vt 0.000000 0.000000 0.0
vt 0.000000 0.000000 0.0
vt 0.000000 0.000000 0.0
vt 0.000000 0.000000 0.0
vt 0.000000 0.000000 0.0
vt 0.000000 0.000000 0.0
vt 0.000000 0.000000 0.0
vt 0.000000 0.000000 0.0
vt 0.000000 0.000000 0.0
vt 0.000000 0.000000 0.0
vt 0.000000 0.000000 0.0
vt 0.000000 0.000000 0.0
f 767/1/1 768/2/2 769/3/3
f 770/4/4 767/1/1 769/3/3
f 771/5/5 772/6/6 773/7/7
f 774/8/8 771/5/5 773/7/7
f 775/9/9 776/10/10 777/11/11
f 776/10/10 778/12/12 777/11/11
f 779/13/13 780/14/14 781/15/15
f 782/16/16 779/13/13 781/15/15
f 783/17/17 784/18/18 785/19/19
f 786/20/20 783/17/17 785/19/19
f 787/21/21 788/22/22 789/23/23
f 790/24/24 787/21/21 789/23/23
f 791/25/25 792/26/26 793/27/27
f 794/28/28 791/25/25 793/27/27
f 795/29/29 796/30/30 797/31/31
f 796/30/30 798/32/32 797/31/31

o middel_star
v 0.000000 -0.047543 0.097315 1.000000 1.000000 1.000000
v 0.038034 -0.000000 0.097315 1.000000 1.000000 1.000000
v 0.000000 -0.000000 0.119515 1.000000 1.000000 1.000000
v -0.038034 -0.000000 0.097315 1.000000 1.000000 1.000000
v 0.000000 -0.047543 0.097315 1.000000 1.000000 1.000000
v 0.000000 -0.000000 0.119515 1.000000 1.000000 1.000000
v 0.000000 0.047542 -0.097315 1.000000 1.000000 1.000000
v 0.038034 -0.000000 -0.097315 1.000000 1.000000 1.000000
v 0.000000 -0.000000 -0.119515 1.000000 1.000000 1.000000
v -0.038034 -0.000000 -0.097315 1.000000 1.000000 1.000000
v 0.000000 0.047542 -0.097315 1.000000 1.000000 1.000000
v 0.000000 -0.000000 -0.119515 1.000000 1.000000 1.000000
v 0.000000 -0.047543 -0.097315 1.000000 1.000000 1.000000
v -0.038034 -0.000000 -0.097315 1.000000 1.000000 1.000000
v 0.000000 -0.000000 -0.119515 1.000000 1.000000 1.000000
v 0.000000 0.047542 0.097315 1.000000 1.000000 1.000000
v -0.038034 -0.000000 0.097315 1.000000 1.000000 1.000000
v 0.000000 -0.000000 0.119515 1.000000 1.000000 1.000000
v 0.038034 -0.000000 0.097315 1.000000 1.000000 1.000000
v 0.000000 0.047542 0.097315 1.000000 1.000000 1.000000
v 0.000000 -0.000000 0.119515 1.000000 1.000000 1.000000
v 0.038034 -0.000000 -0.097315 1.000000 1.000000 1.000000
v 0.000000 -0.047543 -0.097315 1.000000 1.000000 1.000000
v 0.000000 -0.000000 -0.119515 1.000000 1.000000 1.000000
vn 0.467710 -0.373994 0.800987
vn 0.467710 -0.373994 0.800987
vn 0.467710 -0.373994 0.800987
vn -0.467492 -0.373994 0.800987
vn -0.467492 -0.373994 0.800987
vn -0.467492 -0.373994 0.800987
vn 0.467710 0.374168 -0.800987
vn 0.467710 0.374168 -0.800987
vn 0.467710 0.374168 -0.800987
vn -0.467492 0.374168 -0.800987
vn -0.467492 0.374168 -0.800987
vn -0.467492 0.374168 -0.800987
vn -0.467492 -0.373994 -0.800987
vn -0.467492 -0.373994 -0.800987
vn -0.467492 -0.373994 -0.800987
vn -0.467492 0.374168 0.800987
vn -0.467492 0.374168 0.800987
vn -0.467492 0.374168 0.800987
vn 0.467710 0.374168 0.800987
vn 0.467710 0.374168 0.800987
vn 0.467710 0.374168 0.800987
vn 0.467710 -0.373994 -0.800987
vn 0.467710 -0.373994 -0.800987
vn 0.467710 -0.373994 -0.800987
vt 0.000000 0.000000 0.0
vt 0.000000 0.000000 0.0
vt 0.000000 0.000000 0.0
vt 0.000000 0.000000 0.0
vt 0.000000 0.000000 0.0
vt 0.000000 0.000000 0.0
vt 0.000000 0.000000 0.0
vt 0.000000 0.000000 0.0
vt 0.000000 0.000000 0.0
vt 0.000000 0.000000 0.0
vt 0.000000 0.000000 0.0
vt 0.000000 0.000000 0.0
vt 0.000000 0.000000 0.0
vt 0.000000 0.000000 0.0
vt 0.000000 0.000000 0.0
vt 0.000000 0.000000 0.0
vt 0.000000 0.000000 0.0
vt 0.000000 0.000000 0.0
vt 0.000000 0.000000 0.0
vt 0.000000 0.000000 0.0
vt 0.000000 0.000000 0.0
vt 0.000000 0.000000 0.0
vt 0.000000 0.000000 0.0
vt 0.000000 0.000000 0.0
f 799/1/1 800/2/2 801/3/3
f 802/4/4 803/5/5 804/6/6
f 805/7/7 806/8/8 807/9/9
f 808/10/10 809/11/11 810/12/12
f 811/13/13 812/14/14 813/15/15
f 814/16/16 815/17/17 816/18/18
f 817/19/19 818/20/20 819/21/21
f 820/22/22 821/23/23 822/24/24
